[[(1, 33), (1, 49), (1, 49), (1, 49), (1, 49), (1, 49), (1, 49), (1, 49), (1, 49), (1, 49), (1, 49), (1, 49), (1, 49), (1, 49), (1, 49), (1, 81)], [(1, 35), (1, 50), (0, 1), (0, 4), (0, 20), (0, 2), (0, 4), (0, 3), (0, 2), (0, 3), (0, 20), (0, 2), (0, 20), (0, 3), (0, 2), (1, 82)], [(1, 35), (1, 115), (0, 19), (1, 113), (0, 1), (1, 97), (0, 2), (1, 113), (0, 1), (1, 113), (0, 3), (1, 97), (0, 4), (1, 113), (0, 2), (1, 82)], [(1, 22), (1, 38), (0, 3), (0, 2), (0, 1), (0, 1), (0, 4), (0, 2), (0, 2), (0, 4), (0, 1), (0, 2), (0, 3), (0, 19), (0, 2), (1, 82)], [(1, 35), (1, 51), (0, 2), (1, 97), (0, 2), (1, 97), (0, 2), (1, 97), (0, 2), (1, 97), (0, 2), (1, 113), (0, 3), (1, 113), (0, 1), (1, 82)], [(1, 35), (1, 50), (0, 2), (0, 4), (0, 4), (0, 1), (0, 2), (0, 2), (0, 2), (0, 1), (0, 1), (0, 2), (0, 2), (0, 1), (0, 2), (1, 82)], [(1, 35), (1, 18), (0, 2), (1, 97), (0, 4), (1, 97), (0, 1), (1, 113), (0, 2), (1, 97), (0, 4), (1, 113), (0, 3), (1, 97), (0, 2), (1, 82)], [(1, 34), (1, 38), (0, 2), (0, 3), (0, 4), (0, 1), (0, 2), (0, 4), (0, 19), (0, 2), (0, 3), (0, 3), (0, 19), (0, 2), (0, 2), (1, 82)], [(1, 35), (1, 51), (0, 20), (1, 97), (0, 4), (1, 97), (0, 2), (1, 113), (0, 19), (1, 97), (0, 2), (1, 97), (0, 4), (1, 113), (0, 2), (1, 82)], [(1, 35), (1, 16), (0, 2), (0, 2), (0, 2), (0, 2), (0, 20), (0, 2), (0, 4), (0, 1), (0, 4), (0, 2), (0, 2), (0, 2), (0, 4), (1, 82)], [(1, 34), (1, 16), (0, 2), (1, 97), (0, 3), (1, 97), (0, 3), (1, 113), (0, 3), (1, 97), (0, 2), (1, 113), (0, 3), (1, 97), (0, 20), (1, 82)], [(1, 34), (1, 115), (0, 1), (0, 4), (0, 1), (0, 2), (0, 1), (0, 19), (0, 20), (0, 2), (0, 2), (0, 2), (0, 20), (0, 1), (0, 2), (1, 6)], [(1, 35), (1, 17), (0, 4), (1, 113), (0, 2), (1, 113), (0, 19), (1, 97), (0, 2), (1, 97), (0, 19), (1, 97), (0, 2), (1, 97), (0, 3), (1, 82)], [(1, 34), (1, 38), (0, 19), (0, 2), (0, 2), (0, 4), (0, 1), (0, 1), (0, 3), (0, 2), (0, 1), (0, 20), (0, 3), (0, 3), (0, 3), (1, 82)], [(1, 36), (1, 52), (1, 52), (1, 52), (1, 52), (1, 52), (1, 52), (1, 52), (1, 52), (1, 52), (1, 52), (1, 52), (1, 52), (1, 52), (1, 52), (1, 84)]]
[(4, 2, 824), (10, 2, 694), (10, 14, 791), (4, 14, 801), (1, 5, 833), (1, 11, 864), (13, 11, 648), (13, 5, 855), (5, 6, 778), (5, 10, 680), (9, 6, 696), (9, 10, 775)]
[{'id': 0, 'x': 1.5, 'y': 2.5, 'l': 3, 'b': 1, 'p': 3}, {'id': 1, 'x': 13.5, 'y': 14.5, 'l': 3, 'b': 1, 'p': 3}]
1580234108.6693647;[(5, {'x': 6, 'y': 2}), (5, {'x': 1, 'y': 8}), (5, {'x': 2, 'y': 8}), (5, {'x': 3, 'y': 8}), (5, {'x': 4, 'y': 8}), (5, {'x': 5, 'y': 8}), (5, {'x': 6, 'y': 8}), (5, {'x': 8, 'y': 8}), (5, {'x': 9, 'y': 8}), (5, {'x': 10, 'y': 8}), (5, {'x': 11, 'y': 8}), (5, {'x': 12, 'y': 8}), (5, {'x': 13, 'y': 8}), (5, {'x': 7, 'y': 2}), (5, {'x': 7, 'y': 3}), (5, {'x': 7, 'y': 4}), (5, {'x': 7, 'y': 5}), (5, {'x': 7, 'y': 6}), (5, {'x': 7, 'y': 7}), (5, {'x': 7, 'y': 9}), (5, {'x': 7, 'y': 10}), (5, {'x': 7, 'y': 11}), (5, {'x': 7, 'y': 12}), (5, {'x': 7, 'y': 13}), (5, {'x': 7, 'y': 14}), (20, {'x': 7, 'y': 8, 't': 3}), (20, {'x': 10, 'y': 4, 't': 2}), (20, {'x': 4, 'y': 12, 't': 2}), (22, {'0': 0.0, '1': 0.0}), (2, {'id': 0}), (12, {'id': 0}), (2, {'id': 1}), (12, {'id': 1}), (22, {'0': 0.0, '1': 0.0}), (22, {'0': 0.0, '1': 0.0})]
1580234108.6701725;[]
1580234108.6854653;[(22, {'0': 0.0, '1': 0.0})]
1580234108.701426;[(22, {'0': 0.0, '1': 0.0})]
1580234108.717372;[(22, {'0': 0.0, '1': 0.0})]
1580234108.7331736;[(22, {'0': 0.0, '1': 0.0})]
1580234108.7495615;[(22, {'0': 0.0, '1': 0.0})]
1580234108.766085;[(22, {'0': 0.0, '1': 0.0})]
1580234108.7823498;[(22, {'0': 0.0, '1': 0.0})]
1580234108.79934;[(22, {'0': 0.0, '1': 0.0})]
1580234108.815967;[(22, {'0': 0.0, '1': 0.0})]
1580234108.8317711;[(22, {'0': 0.0, '1': 0.0})]
1580234108.8481855;[(22, {'0': 0.0, '1': 0.0})]
1580234108.8648224;[(22, {'0': 0.0, '1': 0.0})]
1580234108.8815658;[(22, {'0': 0.0, '1': 0.0})]
1580234108.8990862;[(22, {'0': 0.0, '1': 0.0}), (22, {'0': 0.0, '1': 0.0})]
1580234108.9158463;[(22, {'0': 0.0, '1': 0.0})]
1580234108.9322534;[(22, {'0': 0.0, '1': 0.0})]
1580234108.9534163;[(22, {'0': 0.0, '1': 0.0})]
1580234108.9698637;[(22, {'0': 0.0, '1': 0.0})]
1580234108.9861755;[(22, {'0': 0.0, '1': 0.0})]
1580234109.002519;[(22, {'0': 0.0, '1': 0.0})]
1580234109.0183308;[(22, {'0': 0.0, '1': 0.0})]
1580234109.0345113;[(22, {'0': 0.0, '1': 0.0})]
1580234109.0511003;[(22, {'0': 0.0, '1': 0.0})]
1580234109.0664358;[(22, {'0': 0.0, '1': 0.0})]
1580234109.0832243;[(22, {'0': 0.0, '1': 0.0})]
1580234109.0994534;[(22, {'0': 0.0, '1': 0.0})]
1580234109.1152513;[(22, {'0': 0.0, '1': 0.0})]
1580234109.131621;[(22, {'0': 0.0, '1': 0.0})]
1580234109.1481254;[(22, {'0': 0.0, '1': 0.0})]
1580234109.1649377;[(22, {'0': 0.0, '1': 0.0})]
1580234109.1816227;[(22, {'0': 0.0, '1': 0.0})]
1580234109.198228;[(22, {'0': 0.0, '1': 0.0})]
1580234109.2160892;[(22, {'0': 0.0, '1': 0.0})]
1580234109.2322528;[(22, {'0': 0.0, '1': 0.0})]
1580234109.2491002;[(22, {'0': 0.0, '1': 0.0})]
1580234109.2690437;[(22, {'0': 0.0, '1': 0.0})]
1580234109.2810779;[(22, {'0': 0.0, '1': 0.0})]
1580234109.2969608;[(22, {'0': 0.0, '1': 0.0})]
1580234109.3126361;[(22, {'0': 0.0, '1': 0.0})]
1580234109.3288143;[(22, {'0': 0.0, '1': 0.0})]
1580234109.3448942;[(22, {'0': 0.0, '1': 0.0})]
1580234109.3604937;[(22, {'0': 0.0, '1': 0.0})]
1580234109.3767064;[(22, {'0': 0.0, '1': 0.0})]
1580234109.3931875;[(22, {'0': 0.0, '1': 0.0})]
1580234109.4088273;[(22, {'0': 0.0, '1': 0.0})]
1580234109.4259655;[(22, {'0': 0.0, '1': 0.0})]
1580234109.4421058;[(22, {'0': 0.0, '1': 0.0})]
1580234109.4593272;[(22, {'0': 0.0, '1': 0.0})]
1580234109.4744065;[(22, {'0': 0.0, '1': 0.0})]
1580234109.4898462;[(22, {'0': 0.0, '1': 0.0})]
1580234109.5055523;[(22, {'0': 0.0, '1': 0.0})]
1580234109.522075;[(22, {'0': 0.0, '1': 0.0})]
1580234109.5383513;[(22, {'0': 0.0, '1': 0.0})]
1580234109.5545497;[(22, {'0': 0.0, '1': 0.0})]
1580234109.5706263;[(22, {'0': 0.0, '1': 0.0})]
1580234109.5864413;[(22, {'0': 0.0, '1': 0.0})]
1580234109.6034467;[(22, {'0': 0.0, '1': 0.0})]
1580234109.6200397;[(22, {'0': 0.0, '1': 0.0})]
1580234109.637041;[(22, {'0': 0.0, '1': 0.0})]
1580234109.653998;[(22, {'0': 0.0, '1': 0.0})]
1580234109.6701145;[(22, {'0': 0.0, '1': 0.0})]
1580234109.6867585;[(22, {'0': 0.0, '1': 0.0})]
1580234109.703438;[(22, {'0': 0.0, '1': 0.0})]
1580234109.7200985;[(22, {'0': 0.0, '1': 0.0})]
1580234109.736722;[(22, {'0': 0.0, '1': 0.0})]
1580234109.7528427;[(22, {'0': 0.0, '1': 0.0})]
1580234109.7816575;[(22, {'0': 0.0, '1': 0.0})]
1580234109.802015;[(22, {'0': 0.0, '1': 0.0})]
1580234109.8179224;[(22, {'0': 0.0, '1': 0.0})]
1580234109.8341477;[(22, {'0': 0.0, '1': 0.0})]
1580234109.8510475;[(22, {'0': 0.0, '1': 0.0})]
1580234109.8669415;[(22, {'0': 0.0, '1': 0.0})]
1580234109.8823628;[(22, {'0': 0.0, '1': 0.0})]
1580234109.8984716;[(22, {'0': 0.0, '1': 0.0})]
1580234109.9150515;[(22, {'0': 0.0, '1': 0.0})]
1580234109.931807;[(22, {'0': 0.0, '1': 0.0})]
1580234109.962007;[(22, {'0': 0.0, '1': 0.0})]
1580234109.9772542;[(22, {'0': 0.0, '1': 0.0})]
1580234109.9933696;[(22, {'0': 0.0, '1': 0.0})]
1580234110.0090082;[(22, {'0': 0.0, '1': 0.0})]
1580234110.0248177;[(22, {'0': 0.0, '1': 0.0})]
1580234110.0408843;[(22, {'0': 0.0, '1': 0.0})]
1580234110.056419;[(22, {'0': 0.0, '1': 0.0})]
1580234110.0730376;[(22, {'0': 0.0, '1': 0.0})]
1580234110.0892181;[(22, {'0': 0.0, '1': 0.0})]
1580234110.1056685;[(22, {'0': 0.0, '1': 0.0})]
1580234110.1219716;[(22, {'0': 0.0, '1': 0.0})]
1580234110.1372058;[(22, {'0': 0.0, '1': 0.0})]
1580234110.1540043;[(22, {'0': 0.0, '1': 0.0})]
1580234110.1690562;[(22, {'0': 0.0, '1': 0.0})]
1580234110.1854815;[(22, {'0': 0.0, '1': 0.0})]
1580234110.201154;[(22, {'0': 0.0, '1': 0.0})]
1580234110.2172506;[(22, {'0': 0.0, '1': 0.0})]
1580234110.233474;[(22, {'0': 0.0, '1': 0.0})]
1580234110.2495615;[(22, {'0': 0.0, '1': 0.0})]
1580234110.2660465;[(22, {'0': 0.0, '1': 0.0})]
1580234110.2850277;[(22, {'0': 0.0, '1': 0.0})]
1580234110.2991838;[]
1580234110.3157563;[(22, {'0': 0.0, '1': 0.0})]
1580234110.3318233;[(22, {'0': 0.0, '1': 0.0})]
1580234110.3473;[(22, {'0': 0.0, '1': 0.0})]
1580234110.375166;[(22, {'0': 0.0, '1': 0.0})]
1580234110.3924737;[(22, {'0': 0.0, '1': 0.0})]
1580234110.4152012;[(22, {'0': 0.0, '1': 0.0})]
1580234110.428229;[(22, {'0': 0.0, '1': 0.0})]
1580234110.44957;[(22, {'0': 0.0, '1': 0.0})]
1580234110.4685726;[(22, {'0': 0.0, '1': 0.0})]
1580234110.4829314;[(22, {'0': 0.0, '1': 0.0})]
1580234110.4987028;[(22, {'0': 0.0, '1': 0.0})]
1580234110.514051;[(22, {'0': 0.0, '1': 0.0})]
1580234110.5301602;[(22, {'0': 0.0, '1': 0.0})]
1580234110.5460236;[(22, {'0': 0.0, '1': 0.0})]
1580234110.5629668;[(22, {'0': 0.0, '1': 0.0})]
1580234110.5793953;[(22, {'0': 0.0, '1': 0.0})]
1580234110.5953388;[(22, {'0': 0.0, '1': 0.0})]
1580234110.6116664;[(22, {'0': 0.0, '1': 0.0})]
1580234110.6271746;[(22, {'0': 0.0, '1': 0.0})]
1580234110.644121;[(22, {'0': 0.0, '1': 0.0})]
1580234110.66038;[(22, {'0': 0.0, '1': 0.0})]
1580234110.676246;[(22, {'0': 0.0, '1': 0.0})]
1580234110.6921258;[(22, {'0': 0.0, '1': 0.0})]
1580234110.7089062;[(22, {'0': 0.0, '1': 0.0})]
1580234110.724641;[(22, {'0': 0.0, '1': 0.0})]
1580234110.740659;[(22, {'0': 0.0, '1': 0.0})]
1580234110.7570431;[(22, {'0': 0.0, '1': 0.0})]
1580234110.7736208;[(22, {'0': 0.0, '1': 0.0})]
1580234110.789094;[(22, {'0': 0.0, '1': 0.0})]
1580234110.8055444;[(22, {'0': 0.0, '1': 0.0})]
1580234110.821881;[(22, {'0': 0.0, '1': 0.0})]
1580234110.8371933;[(22, {'0': 0.0, '1': 0.0})]
1580234110.8540509;[(22, {'0': 0.0, '1': 0.0})]
1580234110.870537;[(22, {'0': 0.0, '1': 0.0})]
1580234110.8873231;[(22, {'0': 0.0, '1': 0.0})]
1580234110.9037414;[(22, {'0': 0.0, '1': 0.0})]
1580234110.920545;[(22, {'0': 0.0, '1': 0.0})]
1580234110.9371011;[(22, {'0': 0.0, '1': 0.0})]
1580234110.953202;[(22, {'0': 0.0, '1': 0.0})]
1580234110.9695084;[(22, {'0': 0.0, '1': 0.0})]
1580234110.9867232;[(22, {'0': 0.0, '1': 0.0})]
1580234111.0024524;[(22, {'0': 0.0, '1': 0.0})]
1580234111.0189207;[(22, {'0': 0.0, '1': 0.0})]
1580234111.0352952;[(22, {'0': 0.0, '1': 0.0})]
1580234111.0522187;[(22, {'0': 0.0, '1': 0.0})]
1580234111.0692213;[(22, {'0': 0.0, '1': 0.0})]
1580234111.0859933;[(22, {'0': 0.0, '1': 0.0})]
1580234111.1025336;[(22, {'0': 0.0, '1': 0.0})]
1580234111.1179764;[(22, {'0': 0.0, '1': 0.0})]
1580234111.1338234;[(22, {'0': 0.0, '1': 0.0})]
1580234111.1504924;[(22, {'0': 0.0, '1': 0.0})]
1580234111.166832;[(22, {'0': 0.0, '1': 0.0}), (15, {'x': 11, 'y': 2, 't': 180})]
1580234111.1829655;[(22, {'0': 0.0, '1': 0.0})]
1580234111.198721;[(22, {'0': 0.0, '1': 0.0})]
1580234111.2159176;[(22, {'0': 0.0, '1': 0.0})]
1580234111.2317758;[(22, {'0': 0.0, '1': 0.0})]
1580234111.2471986;[(22, {'0': 0.0, '1': 0.0})]
1580234111.2676215;[(22, {'0': 0.0, '1': 0.0})]
1580234111.2823684;[(22, {'0': 0.0, '1': 0.0})]
1580234111.296543;[(22, {'0': 0.0, '1': 0.0})]
1580234111.3156776;[(22, {'0': 0.0, '1': 0.0})]
1580234111.332463;[(22, {'0': 0.0, '1': 0.0})]
1580234111.3439965;[(22, {'0': 0.0, '1': 0.0})]
1580234111.3745298;[]
1580234111.4050941;[(22, {'0': 0.0, '1': 0.0}), (22, {'0': 0.0, '1': 0.0})]
1580234111.4221618;[(22, {'0': 0.0, '1': 0.0})]
1580234111.4380097;[(22, {'0': 0.0, '1': 0.0})]
1580234111.4545546;[(22, {'0': 0.0, '1': 0.0})]
1580234111.4703825;[(22, {'0': 0.0, '1': 0.0})]
1580234111.4868405;[(22, {'0': 0.0, '1': 0.0})]
1580234111.503033;[(22, {'0': 0.0, '1': 0.0})]
1580234111.5189333;[(22, {'0': 0.0, '1': 0.0})]
1580234111.5342247;[(22, {'0': 0.0, '1': 0.0})]
1580234111.5505092;[(22, {'0': 0.0, '1': 0.0})]
1580234111.566968;[(22, {'0': 0.0, '1': 0.0})]
1580234111.5830753;[(22, {'0': 0.0, '1': 0.0})]
1580234111.5994346;[(22, {'0': 0.0, '1': 0.0})]
1580234111.6160154;[(22, {'0': 0.0, '1': 0.0})]
1580234111.6320872;[(22, {'0': 0.0, '1': 0.0})]
1580234111.6498008;[(22, {'0': 0.0, '1': 0.0})]
1580234111.668145;[(22, {'0': 0.0, '1': 0.0})]
1580234111.683736;[(22, {'0': 0.0, '1': 0.0})]
1580234111.6995544;[(22, {'0': 0.0, '1': 0.0})]
1580234111.7159865;[(22, {'0': 0.0, '1': 0.0})]
1580234111.7332168;[(22, {'0': 0.0, '1': 0.0})]
1580234111.7524981;[(22, {'0': 0.0, '1': 0.0})]
1580234111.7631626;[(22, {'0': 0.0, '1': 0.0})]
1580234111.779639;[(22, {'0': 0.0, '1': 0.0})]
1580234111.8013318;[(22, {'0': 0.0, '1': 0.0})]
1580234111.812912;[(22, {'0': 0.0, '1': 0.0})]
1580234111.8285613;[(22, {'0': 0.0, '1': 0.0})]
1580234111.8448725;[(22, {'0': 0.0, '1': 0.0})]
1580234111.8609521;[(22, {'0': 0.0, '1': 0.0})]
1580234111.8767855;[(22, {'0': 0.0, '1': 0.0})]
1580234111.8926709;[(22, {'0': 0.0, '1': 0.0})]
1580234111.9174316;[(22, {'0': 0.0, '1': 0.0}), (22, {'0': 0.0, '1': 0.0})]
1580234111.937542;[(22, {'0': 0.0, '1': 0.0})]
1580234111.954076;[(22, {'0': 0.0, '1': 0.0})]
1580234111.9706647;[(22, {'0': 0.0, '1': 0.0})]
1580234111.9861894;[(22, {'0': 0.0, '1': 0.0})]
1580234112.0026648;[(22, {'0': 0.0, '1': 0.0})]
1580234112.018764;[(22, {'0': 0.0, '1': 0.0})]
1580234112.0343857;[(22, {'0': 0.0, '1': 0.0})]
1580234112.0508537;[(22, {'0': 0.0, '1': 0.0})]
1580234112.0667708;[(22, {'0': 0.0, '1': 0.0})]
1580234112.0825686;[(22, {'0': 0.0, '1': 0.0})]
1580234112.0996673;[(22, {'0': 0.0, '1': 0.0})]
1580234112.116328;[(22, {'0': 0.0, '1': 0.0})]
1580234112.1330707;[(22, {'0': 0.0, '1': 0.0})]
1580234112.1497324;[(22, {'0': 0.0, '1': 0.0})]
1580234112.171681;[(22, {'0': 0.0, '1': 0.0}), (22, {'0': 0.0, '1': 0.0})]
1580234112.1831431;[]
1580234112.1998122;[(22, {'0': 0.0, '1': 0.0})]
1580234112.2162118;[(22, {'0': 0.0, '1': 0.0})]
1580234112.2349882;[(22, {'0': 0.0, '1': 0.0})]
1580234112.2508247;[(22, {'0': 0.0, '1': 0.0})]
1580234112.2670562;[(22, {'0': 0.0, '1': 0.0})]
1580234112.2832065;[(22, {'0': 0.0, '1': 0.0})]
1580234112.2997239;[(22, {'0': 0.0, '1': 0.0})]
1580234112.3164384;[(22, {'0': 0.0, '1': 0.0})]
1580234112.3353214;[(22, {'0': 0.0, '1': 0.0})]
1580234112.3513324;[(22, {'0': 0.0, '1': 0.0})]
1580234112.3675606;[(22, {'0': 0.0, '1': 0.0})]
1580234112.3839421;[(22, {'0': 0.0, '1': 0.0})]
1580234112.4000087;[(22, {'0': 0.0, '1': 0.0})]
1580234112.416725;[(22, {'0': 0.0, '1': 0.0})]
1580234112.434235;[(22, {'0': 0.0, '1': 0.0})]
1580234112.4508107;[(22, {'0': 0.0, '1': 0.0}), (22, {'0': 0.0, '1': 0.0})]
1580234112.4667907;[]
1580234112.4874249;[(22, {'0': 0.0, '1': 0.0}), (22, {'0': 0.0, '1': 0.0})]
1580234112.5030675;[(22, {'0': 0.0, '1': 0.0})]
1580234112.522506;[(22, {'0': 0.0, '1': 0.0})]
1580234112.5385895;[(22, {'0': 0.0, '1': 0.0})]
1580234112.5549464;[(22, {'0': 0.0, '1': 0.0})]
1580234112.5708163;[(22, {'0': 0.0, '1': 0.0})]
1580234112.5868547;[(22, {'0': 0.0, '1': 0.0})]
1580234112.6028414;[(22, {'0': 0.0, '1': 0.0})]
1580234112.6194468;[(22, {'0': 0.0, '1': 0.0})]
1580234112.6352775;[(22, {'0': 0.0, '1': 0.0})]
1580234112.6524856;[(22, {'0': 0.0, '1': 0.0})]
1580234112.668767;[(22, {'0': 0.0, '1': 0.0})]
1580234112.685181;[(22, {'0': 0.0, '1': 0.0})]
1580234112.7017627;[(22, {'0': 0.0, '1': 0.0})]
1580234112.717264;[(22, {'0': 0.0, '1': 0.0})]
1580234112.7342536;[(22, {'0': 0.0, '1': 0.0})]
1580234112.750956;[(22, {'0': 0.0, '1': 0.0})]
1580234112.7667277;[(22, {'0': 0.0, '1': 0.0})]
1580234112.783055;[(22, {'0': 0.0, '1': 0.0})]
1580234112.7999089;[(22, {'0': 0.0, '1': 0.0})]
1580234112.8165166;[(22, {'0': 0.0, '1': 0.0})]
1580234112.8314884;[(22, {'0': 0.0, '1': 0.0})]
1580234112.8471272;[(22, {'0': 0.0, '1': 0.0})]
1580234112.8635912;[(22, {'0': 0.0, '1': 0.0})]
1580234112.8799396;[(22, {'0': 0.0, '1': 0.0})]
1580234112.8961642;[(22, {'0': 0.0, '1': 0.0})]
1580234112.9123352;[(22, {'0': 0.0, '1': 0.0})]
1580234112.9281306;[(22, {'0': 0.0, '1': 0.0})]
1580234112.9447196;[(22, {'0': 0.0, '1': 0.0})]
1580234112.9613662;[(22, {'0': 0.0, '1': 0.0})]
1580234112.978002;[(22, {'0': 0.0, '1': 0.0})]
1580234112.993466;[(22, {'0': 0.0, '1': 0.0})]
1580234113.0093575;[(22, {'0': 0.0, '1': 0.0})]
1580234113.0259607;[(22, {'0': 0.0, '1': 0.0})]
1580234113.042311;[(22, {'0': 0.0, '1': 0.0})]
1580234113.0581057;[(22, {'0': 0.0, '1': 0.0})]
1580234113.0747886;[(22, {'0': 0.0, '1': 0.0})]
1580234113.0904143;[(22, {'0': 0.0, '1': 0.0})]
1580234113.1070561;[(22, {'0': 0.0, '1': 0.0})]
1580234113.1237178;[(22, {'0': 0.0, '1': 0.0})]
1580234113.139406;[(22, {'0': 0.0, '1': 0.0})]
1580234113.1555436;[(22, {'0': 0.0, '1': 0.0})]
1580234113.172179;[(22, {'0': 0.0, '1': 0.0})]
1580234113.1888528;[(22, {'0': 0.0, '1': 0.0})]
1580234113.2049417;[(22, {'0': 0.0, '1': 0.0})]
1580234113.2202356;[(22, {'0': 0.0, '1': 0.0})]
1580234113.2385952;[(22, {'0': 0.0, '1': 0.0})]
1580234113.255369;[(22, {'0': 0.0, '1': 0.0})]
1580234113.2775002;[(22, {'0': 0.0, '1': 0.0})]
1580234113.2934766;[(22, {'0': 0.0, '1': 0.0})]
1580234113.3094833;[(22, {'0': 0.0, '1': 0.0})]
1580234113.3257384;[(22, {'0': 0.0, '1': 0.0})]
1580234113.3413017;[(22, {'0': 0.0, '1': 0.0})]
1580234113.3578193;[(22, {'0': 0.0, '1': 0.0})]
1580234113.3732445;[(22, {'0': 0.0, '1': 0.0})]
1580234113.3903723;[(22, {'0': 0.0, '1': 0.0})]
1580234113.4067836;[(22, {'0': 0.0, '1': 0.0})]
1580234113.4223714;[(22, {'0': 0.0, '1': 0.0})]
1580234113.439439;[(22, {'0': 0.0, '1': 0.0})]
1580234113.4560003;[(22, {'0': 0.0, '1': 0.0})]
1580234113.4719193;[(22, {'0': 0.0, '1': 0.0})]
1580234113.4877334;[(22, {'0': 0.0, '1': 0.0})]
1580234113.5037277;[(22, {'0': 0.0, '1': 0.0})]
1580234113.5199099;[(22, {'0': 0.0, '1': 0.0})]
1580234113.5384767;[(22, {'0': 0.0, '1': 0.0})]
1580234113.5549142;[(22, {'0': 0.0, '1': 0.0})]
1580234113.5711434;[(22, {'0': 0.0, '1': 0.0})]
1580234113.5871856;[(22, {'0': 0.0, '1': 0.0})]
1580234113.6041198;[(22, {'0': 0.0, '1': 0.0})]
1580234113.6194475;[(22, {'0': 0.0, '1': 0.0})]
1580234113.6383033;[(22, {'0': 0.0, '1': 0.0})]
1580234113.6541114;[(22, {'0': 0.0, '1': 0.0})]
1580234113.6698503;[(22, {'0': 0.0, '1': 0.0})]
1580234113.685641;[(22, {'0': 0.0, '1': 0.0})]
1580234113.701961;[(22, {'0': 0.0, '1': 0.0})]
1580234113.7173111;[(22, {'0': 0.0, '1': 0.0})]
1580234113.7337534;[(22, {'0': 0.0, '1': 0.0})]
1580234113.7505815;[(22, {'0': 0.0, '1': 0.0})]
1580234113.767163;[(22, {'0': 0.0, '1': 0.0})]
1580234113.7838688;[(22, {'0': 0.0, '1': 0.0})]
1580234113.800484;[(22, {'0': 0.0, '1': 0.0})]
1580234113.8171396;[(22, {'0': 0.0, '1': 0.0})]
1580234113.8338866;[(22, {'0': 0.0, '1': 0.0})]
1580234113.850431;[(22, {'0': 0.0, '1': 0.0})]
1580234113.8670743;[(22, {'0': 0.0, '1': 0.0})]
1580234113.8837063;[(22, {'0': 0.0, '1': 0.0})]
1580234113.9004464;[(22, {'0': 0.0, '1': 0.0})]
1580234113.9195826;[(22, {'0': 0.0, '1': 0.0})]
1580234113.9335592;[(22, {'0': 0.0, '1': 0.0})]
1580234113.9479158;[(22, {'0': 0.0, '1': 0.0})]
1580234113.9634266;[(22, {'0': 0.0, '1': 0.0})]
1580234113.9795396;[(22, {'0': 0.0, '1': 0.0})]
1580234113.9957545;[(22, {'0': 0.0, '1': 0.0})]
1580234114.0110486;[(22, {'0': 0.0, '1': 0.0})]
1580234114.0280025;[(22, {'0': 0.0, '1': 0.0})]
1580234114.043588;[(22, {'0': 0.0, '1': 0.0})]
1580234114.059536;[(22, {'0': 0.0, '1': 0.0})]
1580234114.0758145;[(22, {'0': 0.0, '1': 0.0})]
1580234114.0915868;[(22, {'0': 0.0, '1': 0.0})]
1580234114.1072621;[(22, {'0': 0.0, '1': 0.0})]
1580234114.1238103;[(22, {'0': 0.0, '1': 0.0}), (16, {'x': 11, 'y': 2}), (17, {'x': 11, 'y': 2, 't': 20})]
1580234114.1396544;[(22, {'0': 0.0, '1': 0.0})]
1580234114.155542;[(22, {'0': 0.0, '1': 0.0})]
1580234114.172358;[(22, {'0': 0.0, '1': 0.0})]
1580234114.1884801;[(22, {'0': 0.0, '1': 0.0})]
1580234114.2032812;[(22, {'0': 0.0, '1': 0.0})]
1580234114.2192147;[(22, {'0': 0.0, '1': 0.0})]
1580234114.2353506;[(22, {'0': 0.0, '1': 0.0})]
1580234114.251641;[(22, {'0': 0.0, '1': 0.0})]
1580234114.267947;[(22, {'0': 0.0, '1': 0.0})]
1580234114.2857785;[]
1580234114.3011878;[(22, {'0': 0.0, '1': 0.0})]
1580234114.3171227;[(22, {'0': 0.0, '1': 0.0})]
1580234114.3338463;[(22, {'0': 0.0, '1': 0.0})]
1580234114.3506403;[(22, {'0': 0.0, '1': 0.0})]
1580234114.367436;[(22, {'0': 0.0, '1': 0.0})]
1580234114.3840947;[(22, {'0': 0.0, '1': 0.0})]
1580234114.4006279;[(22, {'0': 0.0, '1': 0.0})]
1580234114.4173846;[(22, {'0': 0.0, '1': 0.0})]
1580234114.4339716;[(22, {'0': 0.0, '1': 0.0})]
1580234114.4508066;[(22, {'0': 0.0, '1': 0.0})]
1580234114.467304;[(22, {'0': 0.0, '1': 0.0}), (5, {'x': 11, 'y': 2}), (18, {'x': 11, 'y': 2})]
1580234114.4841607;[(22, {'0': 0.0, '1': 0.0})]
1580234114.49937;[(22, {'0': 0.0, '1': 0.0})]
1580234114.5173056;[(22, {'0': 0.0, '1': 0.0})]
1580234114.5344112;[(22, {'0': 0.0, '1': 0.0})]
1580234114.5611143;[(22, {'0': 0.0, '1': 0.0})]
1580234114.5760858;[(22, {'0': 0.0, '1': 0.0})]
1580234114.5926673;[(22, {'0': 0.0, '1': 0.0})]
1580234114.608849;[(22, {'0': 0.0, '1': 0.0})]
1580234114.6245515;[(22, {'0': 0.0, '1': 0.0})]
1580234114.6409652;[(22, {'0': 0.0, '1': 0.0})]
1580234114.6562858;[(22, {'0': 0.0, '1': 0.0})]
1580234114.6728761;[(22, {'0': 0.0, '1': 0.0})]
1580234114.688261;[(22, {'0': 0.0, '1': 0.0})]
1580234114.7050803;[(22, {'0': 0.0, '1': 0.0})]
1580234114.7216115;[(22, {'0': 0.0, '1': 0.0})]
1580234114.7399323;[(22, {'0': 0.0, '1': 0.0})]
1580234114.7552898;[(22, {'0': 0.0, '1': 0.0})]
1580234114.7712831;[(22, {'0': 0.0, '1': 0.0})]
1580234114.7969646;[(22, {'0': 0.0, '1': 0.0})]
1580234114.8124444;[(22, {'0': 0.0, '1': 0.0})]
1580234114.8288515;[(22, {'0': 0.0, '1': 0.0})]
1580234114.8453002;[(22, {'0': 0.0, '1': 0.0})]
1580234114.8612092;[(22, {'0': 0.0, '1': 0.0})]
1580234114.877331;[(22, {'0': 0.0, '1': 0.0})]
1580234114.8933494;[(22, {'0': 0.0, '1': 0.0})]
1580234114.9091678;[(22, {'0': 0.0, '1': 0.0})]
1580234114.9258447;[(22, {'0': 0.0, '1': 0.0})]
1580234114.9414098;[(22, {'0': 0.0, '1': 0.0})]
1580234114.9657967;[(22, {'0': 0.0, '1': 0.0})]
1580234114.9798574;[(22, {'0': 0.0, '1': 0.0})]
1580234114.9956567;[(22, {'0': 0.0, '1': 0.0})]
1580234115.010092;[(22, {'0': 0.0, '1': 0.0})]
1580234115.0268395;[(22, {'0': 0.0, '1': 0.0})]
1580234115.0421426;[(22, {'0': 0.0, '1': 0.0})]
1580234115.0584965;[(22, {'0': 0.0, '1': 0.0})]
1580234115.0749626;[(22, {'0': 0.0, '1': 0.0})]
1580234115.0907736;[(22, {'0': 0.0, '1': 0.0})]
1580234115.107368;[(22, {'0': 0.0, '1': 0.0})]
1580234115.123978;[(22, {'0': 0.0, '1': 0.0})]
1580234115.1394937;[(22, {'0': 0.0, '1': 0.0})]
1580234115.1563303;[(22, {'0': 0.0, '1': 0.0})]
1580234115.171868;[(22, {'0': 0.0, '1': 0.0})]
1580234115.189458;[(22, {'0': 0.0, '1': 0.0})]
1580234115.205678;[(22, {'0': 0.0, '1': 0.0})]
1580234115.2216191;[(22, {'0': 0.0, '1': 0.0})]
1580234115.242916;[(22, {'0': 0.0, '1': 0.0})]
1580234115.2580285;[(22, {'0': 0.0, '1': 0.0})]
1580234115.2741919;[(22, {'0': 0.0, '1': 0.0})]
1580234115.290188;[(22, {'0': 0.0, '1': 0.0})]
1580234115.3063998;[(22, {'0': 0.0, '1': 0.0})]
1580234115.3224294;[(22, {'0': 0.0, '1': 0.0})]
1580234115.3384342;[(22, {'0': 0.0, '1': 0.0})]
1580234115.3551342;[(22, {'0': 0.0, '1': 0.0})]
1580234115.3728764;[(22, {'0': 0.0, '1': 0.0})]
1580234115.3893063;[(22, {'0': 0.0, '1': 0.0})]
1580234115.405953;[(22, {'0': 0.0, '1': 0.0})]
1580234115.4215987;[(22, {'0': 0.0, '1': 0.0})]
1580234115.437539;[(22, {'0': 0.0, '1': 0.0})]
1580234115.453499;[(22, {'0': 0.0, '1': 0.0})]
1580234115.4694653;[(22, {'0': 0.0, '1': 0.0})]
1580234115.4852777;[(22, {'0': 0.0, '1': 0.0})]
1580234115.5017502;[(22, {'0': 0.0, '1': 0.0})]
1580234115.518079;[(22, {'0': 0.0, '1': 0.0})]
1580234115.5345027;[]
1580234115.5509908;[(22, {'0': 0.0, '1': 0.0})]
1580234115.5679228;[(22, {'0': 0.0, '1': 0.0})]
1580234115.584334;[(22, {'0': 0.0, '1': 0.0})]
1580234115.6018593;[(22, {'0': 0.0, '1': 0.0}), (22, {'0': 0.0, '1': 0.0})]
1580234115.6178775;[]
1580234115.6346662;[(22, {'0': 0.0, '1': 0.0}), (22, {'0': 0.0, '1': 0.0})]
1580234115.6513011;[]
1580234115.668377;[(22, {'0': 0.0, '1': 0.0}), (22, {'0': 0.0, '1': 0.0})]
1580234115.6850586;[(22, {'0': 0.0, '1': 0.0})]
1580234115.7012007;[]
1580234115.7182992;[(22, {'0': 0.0, '1': 0.0})]
1580234115.7346096;[(22, {'0': 0.0, '1': 0.0})]
1580234115.7514725;[(22, {'0': 0.0, '1': 0.0})]
1580234115.7678115;[(22, {'0': 0.0, '1': 0.0})]
1580234115.7844205;[(22, {'0': 0.0, '1': 0.0})]
1580234115.800818;[(22, {'0': 0.0, '1': 0.0})]
1580234115.8181741;[(22, {'0': 0.0, '1': 0.0})]
1580234115.8347073;[(22, {'0': 0.0, '1': 0.0})]
1580234115.8520265;[(22, {'0': 0.0, '1': 0.0}), (22, {'0': 0.0, '1': 0.0})]
1580234115.8686078;[(22, {'0': 0.0, '1': 0.0})]
1580234115.885341;[(22, {'0': 0.0, '1': 0.0})]
1580234115.9020278;[(22, {'0': 0.0, '1': 0.0})]
1580234115.9184988;[(22, {'0': 0.0, '1': 0.0})]
1580234115.9349778;[(22, {'0': 0.0, '1': 0.0})]
1580234115.956465;[(22, {'0': 0.0, '1': 0.0})]
1580234115.9717937;[(22, {'0': 0.0, '1': 0.0})]
1580234115.9864068;[(22, {'0': 0.0, '1': 0.0})]
1580234116.0023339;[(22, {'0': 0.0, '1': 0.0})]
1580234116.018472;[(22, {'0': 0.0, '1': 0.0})]
1580234116.0351403;[(22, {'0': 0.0, '1': 0.0})]
1580234116.0509741;[(22, {'0': 0.0, '1': 0.0})]
1580234116.0680034;[(22, {'0': 0.0, '1': 0.0})]
1580234116.0845883;[(22, {'0': 0.0, '1': 0.0})]
1580234116.1015165;[(22, {'0': 0.0, '1': 0.0})]
1580234116.117714;[(22, {'0': 0.0, '1': 0.0})]
1580234116.1346204;[(22, {'0': 0.0, '1': 0.0})]
1580234116.1512759;[(22, {'0': 0.0, '1': 0.0})]
1580234116.1674728;[(22, {'0': 0.0, '1': 0.0})]
1580234116.1842883;[(22, {'0': 0.0, '1': 0.0})]
1580234116.2006717;[(22, {'0': 0.0, '1': 0.0})]
1580234116.2143528;[(22, {'0': 0.0, '1': 0.0})]
1580234116.2304313;[(22, {'0': 0.0, '1': 0.0})]
1580234116.2464924;[(22, {'0': 0.0, '1': 0.0})]
1580234116.2630925;[(22, {'0': 0.0, '1': 0.0})]
1580234116.2788136;[(22, {'0': 0.0, '1': 0.0})]
1580234116.2945783;[(22, {'0': 0.0, '1': 0.0})]
1580234116.3103962;[(22, {'0': 0.0, '1': 0.0})]
1580234116.3270257;[(22, {'0': 0.0, '1': 0.0})]
1580234116.3432126;[(22, {'0': 0.0, '1': 0.0})]
1580234116.3595574;[(22, {'0': 0.0, '1': 0.0})]
1580234116.3752813;[(22, {'0': 0.0, '1': 0.0})]
1580234116.3914223;[(22, {'0': 0.0, '1': 0.0})]
1580234116.4080377;[(22, {'0': 0.0, '1': 0.0})]
1580234116.4238892;[(22, {'0': 0.0, '1': 0.0})]
1580234116.4400434;[(22, {'0': 0.0, '1': 0.0})]
1580234116.4580956;[(22, {'0': 0.0, '1': 0.0})]
1580234116.4736593;[(22, {'0': 0.0, '1': 0.0})]
1580234116.4898894;[(22, {'0': 0.0, '1': 0.0})]
1580234116.5078764;[(22, {'0': 0.0, '1': 0.0})]
1580234116.5232093;[(22, {'0': 0.0, '1': 0.0})]
1580234116.5405047;[(22, {'0': 0.0, '1': 0.0})]
1580234116.557335;[(22, {'0': 0.0, '1': 0.0})]
1580234116.573868;[(22, {'0': 0.0, '1': 0.0})]
1580234116.5902548;[(22, {'0': 0.0, '1': 0.0})]
1580234116.6080797;[(22, {'0': 0.0, '1': 0.0})]
1580234116.6238773;[(22, {'0': 0.0, '1': 0.0})]
1580234116.6403031;[(22, {'0': 0.0, '1': 0.0})]
1580234116.6568453;[(22, {'0': 0.0, '1': 0.0})]
1580234116.6733484;[(22, {'0': 0.0, '1': 0.0})]
1580234116.6900332;[(22, {'0': 0.0, '1': 0.0})]
1580234116.7073846;[(22, {'0': 0.0, '1': 0.0})]
1580234116.7237825;[(22, {'0': 0.0, '1': 0.0})]
1580234116.7399268;[(22, {'0': 0.0, '1': 0.0})]
1580234116.757452;[(22, {'0': 0.0, '1': 0.0})]
1580234116.7738028;[(22, {'0': 0.0, '1': 0.0})]
1580234116.7905643;[(22, {'0': 0.0, '1': 0.0})]
1580234116.8073127;[(22, {'0': 0.0, '1': 0.0})]
1580234116.8237863;[(22, {'0': 0.0, '1': 0.0})]
1580234116.8398182;[(22, {'0': 0.0, '1': 0.0})]
1580234116.8587213;[(22, {'0': 0.0, '1': 0.0})]
1580234116.8722315;[(22, {'0': 0.0, '1': 0.0})]
1580234116.8888912;[(22, {'0': 0.0, '1': 0.0})]
1580234116.9040391;[(22, {'0': 0.0, '1': 0.0})]
1580234116.9252424;[(22, {'0': 0.0, '1': 0.0})]
1580234116.9447386;[(22, {'0': 0.0, '1': 0.0})]
1580234116.9602213;[(22, {'0': 0.0, '1': 0.0})]
1580234116.9761434;[(22, {'0': 0.0, '1': 0.0})]
1580234116.99278;[(22, {'0': 0.0, '1': 0.0})]
1580234117.008803;[(22, {'0': 0.0, '1': 0.0})]
1580234117.0244966;[(22, {'0': 0.0, '1': 0.0})]
1580234117.0406194;[(22, {'0': 0.0, '1': 0.0})]
1580234117.0569434;[(22, {'0': 0.0, '1': 0.0})]
1580234117.0733287;[(22, {'0': 0.0, '1': 0.0})]
1580234117.0902739;[(22, {'0': 0.0, '1': 0.0})]
1580234117.1067185;[(22, {'0': 0.0, '1': 0.0})]
1580234117.123656;[(22, {'0': 0.0, '1': 0.0})]
1580234117.1396134;[(22, {'0': 0.0, '1': 0.0})]
1580234117.1559708;[(22, {'0': 0.0, '1': 0.0})]
1580234117.1743665;[(22, {'0': 0.0, '1': 0.0})]
1580234117.1879442;[(22, {'0': 0.0, '1': 0.0})]
1580234117.2057297;[(22, {'0': 0.0, '1': 0.0})]
1580234117.2217402;[(22, {'0': 0.0, '1': 0.0})]
1580234117.237239;[(22, {'0': 0.0, '1': 0.0})]
1580234117.2531807;[(22, {'0': 0.0, '1': 0.0})]
1580234117.2699106;[(22, {'0': 0.0, '1': 0.0})]
1580234117.2862434;[(22, {'0': 0.0, '1': 0.0})]
1580234117.3047106;[(22, {'0': 0.0, '1': 0.0})]
1580234117.320877;[(22, {'0': 0.0, '1': 0.0})]
1580234117.336486;[(22, {'0': 0.0, '1': 0.0})]
1580234117.3522866;[(22, {'0': 0.0, '1': 0.0})]
1580234117.3689852;[(22, {'0': 0.0, '1': 0.0})]
1580234117.3885496;[(22, {'0': 0.0, '1': 0.0})]
1580234117.4049547;[(22, {'0': 0.0, '1': 0.0})]
1580234117.4231389;[(22, {'0': 0.0, '1': 0.0})]
1580234117.4392147;[(22, {'0': 0.0, '1': 0.0})]
1580234117.463325;[(22, {'0': 0.0, '1': 0.0}), (22, {'0': 0.0, '1': 0.0})]
1580234117.4800816;[(22, {'0': 0.0, '1': 0.0})]
1580234117.4975245;[(22, {'0': 0.0, '1': 0.0})]
1580234117.5126312;[(22, {'0': 0.0, '1': 0.0})]
1580234117.528992;[(22, {'0': 0.0, '1': 0.0})]
1580234117.5485647;[(22, {'0': 0.0, '1': 0.0})]
1580234117.5654013;[(22, {'0': 0.0, '1': 0.0})]
1580234117.5805361;[(22, {'0': 0.0, '1': 0.0})]
1580234117.5966673;[(22, {'0': 0.0, '1': 0.0})]
1580234117.612983;[(22, {'0': 0.0, '1': 0.0})]
1580234117.6281936;[(22, {'0': 0.0, '1': 0.0})]
1580234117.6457617;[(22, {'0': 0.0, '1': 0.0})]
1580234117.6620116;[(22, {'0': 0.0, '1': 0.0})]
1580234117.6771295;[(22, {'0': 0.0, '1': 0.0})]
1580234117.6941614;[(22, {'0': 0.0, '1': 0.0})]
1580234117.7096844;[(22, {'0': 0.0, '1': 0.0})]
1580234117.725717;[(22, {'0': 0.0, '1': 0.0})]
1580234117.7417805;[(22, {'0': 0.0, '1': 0.0})]
1580234117.7575748;[(22, {'0': 0.0, '1': 0.0})]
1580234117.7742956;[(22, {'0': 0.0, '1': 0.0})]
1580234117.791032;[(22, {'0': 0.0, '1': 0.0})]
1580234117.8078725;[(22, {'0': 0.0, '1': 0.0})]
1580234117.8245995;[(22, {'0': 0.0, '1': 0.0})]
1580234117.8413734;[(22, {'0': 0.0, '1': 0.0})]
1580234117.8578522;[(22, {'0': 0.0, '1': 0.0})]
1580234117.875808;[(22, {'0': 0.0, '1': 0.0})]
1580234117.89219;[(22, {'0': 0.0, '1': 0.0})]
1580234117.9090393;[(22, {'0': 0.0, '1': 0.0})]
1580234117.9254446;[(22, {'0': 0.0, '1': 0.0})]
1580234117.9412694;[(22, {'0': 0.0, '1': 0.0})]
1580234117.957872;[(22, {'0': 0.0, '1': 0.0})]
1580234117.9746103;[(22, {'0': 0.0, '1': 0.0})]
1580234117.9912763;[(22, {'0': 0.0, '1': 0.0})]
1580234118.0080159;[(22, {'0': 0.0, '1': 0.0})]
1580234118.024503;[(22, {'0': 0.0, '1': 0.0})]
1580234118.0403175;[(22, {'0': 0.0, '1': 0.0})]
1580234118.057769;[(22, {'0': 0.0, '1': 0.0})]
1580234118.0744667;[(22, {'0': 0.0, '1': 0.0})]
1580234118.091226;[(22, {'0': 0.0, '1': 0.0})]
1580234118.1078448;[(22, {'0': 0.0, '1': 0.0})]
1580234118.12345;[(22, {'0': 0.0, '1': 0.0})]
1580234118.1435804;[(22, {'0': 0.0, '1': 0.0})]
1580234118.1594417;[(22, {'0': 0.0, '1': 0.0})]
1580234118.171256;[(22, {'0': 0.0, '1': 0.0})]
1580234118.1878679;[(22, {'0': 0.0, '1': 0.0})]
1580234118.203317;[(22, {'0': 0.0, '1': 0.0})]
1580234118.2238326;[(22, {'0': 0.0, '1': 0.0})]
1580234118.2360365;[(22, {'0': 0.0, '1': 0.0})]
1580234118.2552078;[(22, {'0': 0.0, '1': 0.0})]
1580234118.2729242;[(22, {'0': 0.0, '1': 0.0})]
1580234118.2887175;[(22, {'0': 0.0, '1': 0.0})]
1580234118.3042507;[(22, {'0': 0.0, '1': 0.0})]
1580234118.3211575;[(22, {'0': 0.0, '1': 0.0})]
1580234118.3374877;[(22, {'0': 0.0, '1': 0.0})]
1580234118.3537877;[(22, {'0': 0.0, '1': 0.0})]
1580234118.3698611;[(22, {'0': 0.0, '1': 0.0})]
1580234118.3856392;[(22, {'0': 0.0, '1': 0.0})]
1580234118.4019654;[(22, {'0': 0.0, '1': 0.0})]
1580234118.4182675;[(22, {'0': 0.0, '1': 0.0})]
1580234118.435933;[(22, {'0': 0.0, '1': 0.0})]
1580234118.4523492;[(22, {'0': 0.0, '1': 0.0})]
1580234118.4691284;[(22, {'0': 0.0, '1': 0.0})]
1580234118.4857435;[(22, {'0': 0.0, '1': 0.0})]
1580234118.5024111;[(22, {'0': 0.0, '1': 0.0})]
1580234118.5190392;[(22, {'0': 0.0, '1': 0.0})]
1580234118.5357118;[(22, {'0': 0.0, '1': 0.0})]
1580234118.5523806;[(22, {'0': 0.0, '1': 0.0})]
1580234118.5690951;[(22, {'0': 0.0, '1': 0.0})]
1580234118.5857732;[(22, {'0': 0.0, '1': 0.0})]
1580234118.6024778;[(22, {'0': 0.0, '1': 0.0})]
1580234118.6190913;[(22, {'0': 0.0, '1': 0.0})]
1580234118.6357656;[(22, {'0': 0.0, '1': 0.0})]
1580234118.652499;[(22, {'0': 0.0, '1': 0.0})]
1580234118.669123;[(22, {'0': 0.0, '1': 0.0})]
1580234118.6858094;[(22, {'0': 0.0, '1': 0.0})]
1580234118.702445;[(22, {'0': 0.0, '1': 0.0})]
1580234118.7191465;[(22, {'0': 0.0, '1': 0.0})]
1580234118.7353554;[(22, {'0': 0.0, '1': 0.0})]
1580234118.7526286;[(22, {'0': 0.0, '1': 0.0})]
1580234118.7726924;[(22, {'0': 0.0, '1': 0.0}), (22, {'0': 0.0, '1': 0.0})]
1580234118.785981;[]
1580234118.8074791;[(22, {'0': 0.0, '1': 0.0}), (22, {'0': 0.0, '1': 0.0})]
1580234118.8219938;[(22, {'0': 0.0, '1': 0.0})]
1580234118.8386486;[(22, {'0': 0.0, '1': 0.0})]
1580234118.8551462;[(22, {'0': 0.0, '1': 0.0})]
1580234118.8720725;[(22, {'0': 0.0, '1': 0.0})]
1580234118.8888144;[(22, {'0': 0.0, '1': 0.0})]
1580234118.9043546;[(22, {'0': 0.0, '1': 0.0})]
1580234118.9219632;[(22, {'0': 0.0, '1': 0.0})]
1580234118.9398904;[(22, {'0': 0.0, '1': 0.0})]
1580234118.9562228;[(22, {'0': 0.0, '1': 0.0})]
1580234118.9725068;[(22, {'0': 0.0, '1': 0.0})]
1580234118.9890168;[(22, {'0': 0.0, '1': 0.0})]
1580234119.0053508;[(22, {'0': 0.0, '1': 0.0})]
1580234119.021856;[(22, {'0': 0.0, '1': 0.0})]
1580234119.037924;[(22, {'0': 0.0, '1': 0.0})]
1580234119.054237;[(22, {'0': 0.0, '1': 0.0})]
1580234119.0702696;[(22, {'0': 0.0, '1': 0.0})]
1580234119.0867422;[(22, {'0': 0.0, '1': 0.0})]
1580234119.1029391;[]
1580234119.119483;[(22, {'0': 0.0, '1': 0.0})]
1580234119.1361954;[(22, {'0': 0.0, '1': 0.0})]
1580234119.1527755;[(22, {'0': 0.0, '1': 0.0})]
1580234119.1695418;[(22, {'0': 0.0, '1': 0.0})]
1580234119.1862643;[(22, {'0': 0.0, '1': 0.0})]
1580234119.2028058;[(22, {'0': 0.0, '1': 0.0})]
1580234119.2195234;[(22, {'0': 0.0, '1': 0.0})]
1580234119.2362797;[(22, {'0': 0.0, '1': 0.0})]
1580234119.2528484;[(22, {'0': 0.0, '1': 0.0})]
1580234119.269163;[(22, {'0': 0.0, '1': 0.0})]
1580234119.2862012;[(22, {'0': 0.0, '1': 0.0})]
1580234119.299926;[(22, {'0': 0.0, '1': 0.0})]
1580234119.3165746;[(22, {'0': 0.0, '1': 0.0})]
1580234119.3325608;[(22, {'0': 0.0, '1': 0.0})]
1580234119.3481998;[(22, {'0': 0.0, '1': 0.0}), (23, {'x': 13, 'y': 11})]
1580234119.3642209;[(22, {'0': 0.0, '1': 0.0})]
1580234119.3809803;[(22, {'0': 0.0, '1': 0.0})]
1580234119.397703;[(22, {'0': 0.0, '1': 0.0})]
1580234119.4178958;[(22, {'0': 0.0, '1': 0.0})]
1580234119.43582;[(22, {'0': 0.0, '1': 0.0})]
1580234119.4492686;[(22, {'0': 0.0, '1': 0.0})]
1580234119.4658165;[(22, {'0': 0.0, '1': 0.0})]
1580234119.4976275;[(22, {'0': 0.0, '1': 0.0}), (22, {'0': 0.0, '1': 0.0})]
1580234119.5143101;[(22, {'0': 0.0, '1': 0.0})]
1580234119.5309343;[(22, {'0': 0.0, '1': 0.0})]
1580234119.5471883;[(22, {'0': 0.0, '1': 0.0})]
1580234119.5638402;[(22, {'0': 0.0, '1': 0.0})]
1580234119.5805166;[(22, {'0': 0.0, '1': 0.0})]
1580234119.5950863;[(22, {'0': 0.0, '1': 0.0})]
1580234119.6105754;[(22, {'0': 0.0, '1': 0.0})]
1580234119.6272306;[(22, {'0': 0.0, '1': 0.0})]
1580234119.6428115;[(22, {'0': 0.0, '1': 0.0})]
1580234119.6590292;[(22, {'0': 0.0, '1': 0.0})]
1580234119.6760342;[(22, {'0': 0.0, '1': 0.0})]
1580234119.6930633;[(22, {'0': 0.0, '1': 0.0})]
1580234119.7097561;[(22, {'0': 0.0, '1': 0.0})]
1580234119.7259567;[(22, {'0': 0.0, '1': 0.0})]
1580234119.7417104;[(22, {'0': 0.0, '1': 0.0})]
1580234119.7571847;[(22, {'0': 0.0, '1': 0.0})]
1580234119.7737336;[(22, {'0': 0.0, '1': 0.0})]
1580234119.7898333;[(22, {'0': 0.0, '1': 0.0})]
1580234119.816603;[(22, {'0': 0.0, '1': 0.0}), (22, {'0': 0.0, '1': 0.0})]
1580234119.832323;[(22, {'0': 0.0, '1': 0.0})]
1580234119.8559947;[(22, {'0': 0.0, '1': 0.0})]
1580234119.8706343;[(22, {'0': 0.0, '1': 0.0}), (23, {'x': 5, 'y': 10})]
1580234119.887087;[(22, {'0': 0.0, '1': 0.0})]
1580234119.9030943;[(22, {'0': 0.0, '1': 0.0})]
1580234119.9204276;[(22, {'0': 0.0, '1': 0.0})]
1580234119.93658;[(22, {'0': 0.0, '1': 0.0})]
1580234119.9527044;[(22, {'0': 0.0, '1': 0.0})]
1580234119.9927251;[(22, {'0': 0.0, '1': 0.0}), (22, {'0': 0.0, '1': 0.0})]
1580234120.0107236;[(22, {'0': 0.0, '1': 0.0})]
1580234120.0268388;[(22, {'0': 0.0, '1': 0.0})]
1580234120.0425735;[(22, {'0': 0.0, '1': 0.0})]
1580234120.0590615;[(22, {'0': 0.0, '1': 0.0})]
1580234120.075556;[(22, {'0': 0.0, '1': 0.0})]
1580234120.0914645;[(22, {'0': 0.0, '1': 0.0})]
1580234120.1073313;[(22, {'0': 0.0, '1': 0.0}), (23, {'x': 10, 'y': 2})]
1580234120.1239738;[(22, {'0': 0.0, '1': 0.0})]
1580234120.1393042;[(22, {'0': 0.0, '1': 0.0}), (23, {'x': 9, 'y': 6})]
1580234120.158064;[(22, {'0': 0.0, '1': 0.0})]
1580234120.1733139;[(22, {'0': 0.0, '1': 0.0})]
1580234120.189537;[(22, {'0': 0.0, '1': 0.0})]
1580234120.2053158;[(22, {'0': 0.0, '1': 0.0})]
1580234120.2219448;[(22, {'0': 0.0, '1': 0.0})]
1580234120.2390845;[(22, {'0': 0.0, '1': 0.0})]
1580234120.2567294;[(22, {'0': 0.0, '1': 0.0})]
1580234120.2708077;[(22, {'0': 0.0, '1': 0.0})]
1580234120.2865257;[(22, {'0': 0.0, '1': 0.0})]
1580234120.3060653;[(22, {'0': 0.0, '1': 0.0})]
1580234120.3225884;[]
1580234120.3381832;[(22, {'0': 0.0, '1': 0.0})]
1580234120.3540914;[(22, {'0': 0.0, '1': 0.0})]
1580234120.3703818;[(22, {'0': 0.0, '1': 0.0})]
1580234120.3868399;[(22, {'0': 0.0, '1': 0.0})]
1580234120.4027362;[(22, {'0': 0.0, '1': 0.0})]
1580234120.4198287;[(22, {'0': 0.0, '1': 0.0})]
1580234120.4367373;[(22, {'0': 0.0, '1': 0.0})]
1580234120.4535232;[(22, {'0': 0.0, '1': 0.0})]
1580234120.470165;[(22, {'0': 0.0, '1': 0.0})]
1580234120.488592;[(22, {'0': 0.0, '1': 0.0})]
1580234120.5035129;[(22, {'0': 0.0, '1': 0.0})]
1580234120.5204844;[(22, {'0': 0.0, '1': 0.0})]
1580234120.536695;[(22, {'0': 0.0, '1': 0.0})]
1580234120.5523038;[(22, {'0': 0.0, '1': 0.0})]
1580234120.570328;[(22, {'0': 0.0, '1': 0.0})]
1580234120.5855465;[(22, {'0': 0.0, '1': 0.0})]
1580234120.6020274;[(22, {'0': 0.0, '1': 0.0})]
1580234120.6182976;[(22, {'0': 0.0, '1': 0.0})]
1580234120.6333075;[(22, {'0': 0.0, '1': 0.0})]
1580234120.6499248;[(22, {'0': 0.0, '1': 0.0})]
1580234120.665449;[(22, {'0': 0.0, '1': 0.0})]
1580234120.6813571;[(22, {'0': 0.0, '1': 0.0})]
1580234120.6980095;[(22, {'0': 0.0, '1': 0.0})]
1580234120.7138011;[(22, {'0': 0.0, '1': 0.0})]
1580234120.729331;[(22, {'0': 0.0, '1': 0.0})]
1580234120.7452936;[(22, {'0': 0.0, '1': 0.0})]
1580234120.7615411;[(22, {'0': 0.0, '1': 0.0})]
1580234120.777981;[(22, {'0': 0.0, '1': 0.0})]
1580234120.7936409;[(22, {'0': 0.0, '1': 0.0})]
1580234120.8099244;[(22, {'0': 0.0, '1': 0.0})]
1580234120.825801;[(22, {'0': 0.0, '1': 0.0})]
1580234120.8417954;[(22, {'0': 0.0, '1': 0.0}), (24, {'x': 13, 'y': 11, 't': 736})]
1580234120.8570704;[(22, {'0': 0.0, '1': 0.0})]
1580234120.8735757;[(22, {'0': 0.0, '1': 0.0})]
1580234120.8899536;[(22, {'0': 0.0, '1': 0.0})]
1580234120.9065025;[(22, {'0': 0.0, '1': 0.0})]
1580234120.9222581;[(22, {'0': 0.0, '1': 0.0})]
1580234120.939028;[(22, {'0': 0.0, '1': 0.0})]
1580234120.9579246;[(22, {'0': 0.0, '1': 0.0})]
1580234120.974916;[(22, {'0': 0.0, '1': 0.0})]
1580234120.9957333;[(22, {'0': 0.0, '1': 0.0})]
1580234121.0110781;[(22, {'0': 0.0, '1': 0.0})]
1580234121.0274541;[(22, {'0': 0.0, '1': 0.0})]
1580234121.0433822;[(22, {'0': 0.0, '1': 0.0})]
1580234121.059264;[(22, {'0': 0.0, '1': 0.0})]
1580234121.0756454;[(22, {'0': 0.0, '1': 0.0})]
1580234121.0917404;[(22, {'0': 0.0, '1': 0.0})]
1580234121.1075592;[(22, {'0': 0.0, '1': 0.0})]
1580234121.12408;[(22, {'0': 0.0, '1': 0.0})]
1580234121.1403098;[(22, {'0': 0.0, '1': 0.0})]
1580234121.1561303;[(22, {'0': 0.0, '1': 0.0})]
1580234121.172114;[(22, {'0': 0.0, '1': 0.0})]
1580234121.1884856;[(22, {'0': 0.0, '1': 0.0})]
1580234121.2043092;[(22, {'0': 0.0, '1': 0.0})]
1580234121.220821;[(22, {'0': 0.0, '1': 0.0})]
1580234121.2367811;[(22, {'0': 0.0, '1': 0.0})]
1580234121.2538686;[(22, {'0': 0.0, '1': 0.0})]
1580234121.2703078;[(22, {'0': 0.0, '1': 0.0})]
1580234121.2870946;[(22, {'0': 0.0, '1': 0.0})]
1580234121.3038073;[(22, {'0': 0.0, '1': 0.0})]
1580234121.3216994;[(22, {'0': 0.0, '1': 0.0})]
1580234121.339161;[(22, {'0': 0.0, '1': 0.0})]
1580234121.3541782;[(22, {'0': 0.0, '1': 0.0})]
1580234121.370591;[(22, {'0': 0.0, '1': 0.0}), (24, {'x': 5, 'y': 10, 't': 578})]
1580234121.3879263;[(22, {'0': 0.0, '1': 0.0})]
1580234121.4035807;[(22, {'0': 0.0, '1': 0.0})]
1580234121.420466;[(22, {'0': 0.0, '1': 0.0})]
1580234121.4371321;[(22, {'0': 0.0, '1': 0.0})]
1580234121.4536836;[(22, {'0': 0.0, '1': 0.0}), (23, {'x': 9, 'y': 10})]
1580234121.470066;[(22, {'0': 0.0, '1': 0.0})]
1580234121.49024;[(22, {'0': 0.0, '1': 0.0})]
1580234121.5056007;[(22, {'0': 0.0, '1': 0.0}), (23, {'x': 5, 'y': 6})]
1580234121.521391;[(22, {'0': 0.0, '1': 0.0})]
1580234121.5373638;[(22, {'0': 0.0, '1': 0.0})]
1580234121.5542295;[(22, {'0': 0.0, '1': 0.0})]
1580234121.5719712;[(22, {'0': 0.0, '1': 0.0})]
1580234121.5886877;[(22, {'0': 0.0, '1': 0.0})]
1580234121.6062288;[(22, {'0': 0.0, '1': 0.0}), (24, {'x': 10, 'y': 2, 't': 697}), (22, {'0': 0.0, '1': 0.0})]
1580234121.6261175;[(22, {'0': 0.0, '1': 0.0}), (24, {'x': 9, 'y': 6, 't': 588})]
1580234121.6426067;[(22, {'0': 0.0, '1': 0.0})]
1580234121.6639817;[(22, {'0': 0.0, '1': 0.0})]
1580234121.6791258;[(22, {'0': 0.0, '1': 0.0})]
1580234121.6951602;[(22, {'0': 0.0, '1': 0.0})]
1580234121.7111533;[(22, {'0': 0.0, '1': 0.0}), (23, {'x': 10, 'y': 14})]
1580234121.7273176;[(22, {'0': 0.0, '1': 0.0})]
1580234121.74432;[(22, {'0': 0.0, '1': 0.0})]
1580234121.7603772;[(22, {'0': 0.0, '1': 0.0})]
1580234121.7770865;[(22, {'0': 0.0, '1': 0.0})]
1580234121.7938325;[(22, {'0': 0.0, '1': 0.0})]
1580234121.8109865;[(22, {'0': 0.0, '1': 0.0})]
1580234121.8276546;[(22, {'0': 0.0, '1': 0.0})]
1580234121.8484082;[(22, {'0': 0.0, '1': 0.0})]
1580234121.8594565;[(22, {'0': 0.0, '1': 0.0})]
1580234121.8763452;[(22, {'0': 0.0, '1': 0.0}), (23, {'x': 4, 'y': 14})]
1580234121.8926327;[(22, {'0': 0.0, '1': 0.0})]
1580234121.908832;[(22, {'0': 0.0, '1': 0.0})]
1580234121.934582;[(22, {'0': 0.0, '1': 0.0})]
1580234121.9498684;[(22, {'0': 0.0, '1': 0.0})]
1580234121.9654462;[(22, {'0': 0.0, '1': 0.0})]
1580234121.9821587;[(22, {'0': 0.0, '1': 0.0})]
1580234121.9994762;[]
1580234122.0147326;[(22, {'0': 0.0, '1': 0.0})]
1580234122.0312247;[(22, {'0': 0.0, '1': 0.0})]
1580234122.0576031;[(22, {'0': 0.0, '1': 0.0}), (22, {'0': 0.0, '1': 0.0})]
1580234122.073515;[(22, {'0': 0.0, '1': 0.0})]
1580234122.0927732;[(22, {'0': 0.0, '1': 0.0})]
1580234122.108288;[(22, {'0': 0.0, '1': 0.0})]
1580234122.1246707;[(22, {'0': 0.0, '1': 0.0})]
1580234122.141369;[(22, {'0': 0.0, '1': 0.0})]
1580234122.1610944;[(22, {'0': 0.0, '1': 0.0})]
1580234122.178887;[(22, {'0': 0.0, '1': 0.0})]
1580234122.2013218;[]
1580234122.2174163;[(22, {'0': 0.0, '1': 0.0})]
1580234122.2376833;[(22, {'0': 0.0, '1': 0.0})]
1580234122.2539084;[(22, {'0': 0.0, '1': 0.0})]
1580234122.2749722;[(22, {'0': 0.0, '1': 0.0})]
1580234122.2942076;[(22, {'0': 0.0, '1': 0.0})]
1580234122.311169;[(22, {'0': 0.0, '1': 0.0}), (23, {'x': 4, 'y': 2})]
1580234122.3317432;[(22, {'0': 0.0, '1': 0.0})]
1580234122.348937;[(22, {'0': 0.0, '1': 0.0})]
1580234122.3739302;[(22, {'0': 0.0, '1': 0.0})]
1580234122.3915725;[(22, {'0': 0.0, '1': 0.0})]
1580234122.4072614;[(22, {'0': 0.0, '1': 0.0})]
1580234122.4258544;[(22, {'0': 0.0, '1': 0.0})]
1580234122.4424133;[(22, {'0': 0.0, '1': 0.0})]
1580234122.463492;[(22, {'0': 0.0, '1': 0.0})]
1580234122.4742038;[(22, {'0': 0.0, '1': 0.0}), (23, {'x': 1, 'y': 5})]
1580234122.4881096;[(22, {'0': 0.0, '1': 0.0})]
1580234122.5043423;[(22, {'0': 0.0, '1': 0.0})]
1580234122.5210586;[(22, {'0': 0.0, '1': 0.0})]
1580234122.5373077;[(22, {'0': 0.0, '1': 0.0})]
1580234122.5529838;[(22, {'0': 0.0, '1': 0.0})]
1580234122.5690074;[(22, {'0': 0.0, '1': 0.0})]
1580234122.5849617;[(22, {'0': 0.0, '1': 0.0})]
1580234122.6003315;[(22, {'0': 0.0, '1': 0.0})]
1580234122.616714;[(22, {'0': 0.0, '1': 0.0})]
1580234122.6329088;[(22, {'0': 0.0, '1': 0.0})]
1580234122.6502275;[(22, {'0': 0.0, '1': 0.0})]
1580234122.6650546;[(22, {'0': 0.0, '1': 0.0})]
1580234122.6815388;[(22, {'0': 0.0, '1': 0.0})]
1580234122.6975915;[(22, {'0': 0.0, '1': 0.0})]
1580234122.7132823;[(22, {'0': 0.0, '1': 0.0})]
1580234122.7297862;[(22, {'0': 0.0, '1': 0.0})]
1580234122.7502866;[(22, {'0': 0.0, '1': 0.0})]
1580234122.766859;[(22, {'0': 0.0, '1': 0.0})]
1580234122.782456;[(22, {'0': 0.0, '1': 0.0})]
1580234122.7997577;[(22, {'0': 0.0, '1': 0.0})]
1580234122.8232913;[(22, {'0': 0.0, '1': 0.0})]
1580234122.8394377;[(22, {'0': 0.0, '1': 0.0}), (23, {'x': 13, 'y': 5})]
1580234122.855903;[(22, {'0': 0.0, '1': 0.0})]
1580234122.8768804;[(22, {'0': 0.0, '1': 0.0}), (22, {'0': 0.0, '1': 0.0})]
1580234122.8955438;[(22, {'0': 0.0, '1': 0.0})]
1580234122.912232;[(22, {'0': 0.0, '1': 0.0})]
1580234122.9284267;[(22, {'0': 0.0, '1': 0.0})]
1580234122.9446037;[(22, {'0': 0.0, '1': 0.0})]
1580234122.961101;[(22, {'0': 0.0, '1': 0.0})]
1580234122.9777725;[(22, {'0': 0.0, '1': 0.0}), (23, {'x': 1, 'y': 11})]
1580234123.0007305;[(22, {'0': 0.0, '1': 0.0}), (24, {'x': 9, 'y': 10, 't': 587})]
1580234123.0169685;[(22, {'0': 0.0, '1': 0.0})]
1580234123.0327406;[(22, {'0': 0.0, '1': 0.0})]
1580234123.0488966;[(22, {'0': 0.0, '1': 0.0}), (24, {'x': 5, 'y': 6, 't': 705})]
1580234123.0647469;[(22, {'0': 0.0, '1': 0.0})]
1580234123.08144;[(22, {'0': 0.0, '1': 0.0})]
1580234123.1189253;[(22, {'0': 0.0, '1': 0.0}), (22, {'0': 0.0, '1': 0.0})]
1580234123.1343882;[(22, {'0': 0.0, '1': 0.0})]
1580234123.158168;[(22, {'0': 0.0, '1': 0.0})]
1580234123.1782107;[(22, {'0': 0.0, '1': 0.0}), (22, {'0': 0.0, '1': 0.0})]
1580234123.1938581;[]
1580234123.2094777;[(22, {'0': 0.0, '1': 0.0})]
1580234123.2285016;[(22, {'0': 0.0, '1': 0.0})]
1580234123.2442706;[(22, {'0': 0.0, '1': 0.0})]
1580234123.260146;[(22, {'0': 0.0, '1': 0.0})]
1580234123.2793648;[(22, {'0': 0.0, '1': 0.0}), (24, {'x': 10, 'y': 14, 't': 947})]
1580234123.2954535;[(22, {'0': 0.0, '1': 0.0})]
1580234123.3119042;[]
1580234123.327633;[(22, {'0': 0.0, '1': 0.0})]
1580234123.3437474;[(22, {'0': 0.0, '1': 0.0})]
1580234123.3593795;[(22, {'0': 0.0, '1': 0.0})]
1580234123.3757339;[(22, {'0': 0.0, '1': 0.0})]
1580234123.3919694;[(22, {'0': 0.0, '1': 0.0})]
1580234123.4097016;[(22, {'0': 0.0, '1': 0.0})]
1580234123.4258666;[(22, {'0': 0.0, '1': 0.0})]
1580234123.4430642;[(22, {'0': 0.0, '1': 0.0})]
1580234123.4591506;[(22, {'0': 0.0, '1': 0.0}), (24, {'x': 4, 'y': 14, 't': 782})]
1580234123.4742954;[(22, {'0': 0.0, '1': 0.0})]
1580234123.492073;[(22, {'0': 0.0, '1': 0.0})]
1580234123.5065079;[(22, {'0': 0.0, '1': 0.0})]
1580234123.5226042;[(22, {'0': 0.0, '1': 0.0})]
1580234123.5436835;[(22, {'0': 0.0, '1': 0.0})]
1580234123.5591512;[(22, {'0': 0.0, '1': 0.0})]
1580234123.5782037;[(22, {'0': 0.0, '1': 0.0})]
1580234123.593076;[(22, {'0': 0.0, '1': 0.0})]
1580234123.610023;[(22, {'0': 0.0, '1': 0.0})]
1580234123.6263745;[(22, {'0': 0.0, '1': 0.0})]
1580234123.6428216;[(22, {'0': 0.0, '1': 0.0})]
1580234123.658148;[(22, {'0': 0.0, '1': 0.0})]
1580234123.6746;[(22, {'0': 0.0, '1': 0.0})]
1580234123.6904995;[(22, {'0': 0.0, '1': 0.0})]
1580234123.7100613;[(22, {'0': 0.0, '1': 0.0})]
1580234123.726993;[(22, {'0': 0.0, '1': 0.0})]
1580234123.7439346;[(22, {'0': 0.0, '1': 0.0})]
1580234123.759975;[(22, {'0': 0.0, '1': 0.0})]
1580234123.775916;[(22, {'0': 0.0, '1': 0.0})]
1580234123.7930014;[(22, {'0': 0.0, '1': 0.0})]
1580234123.808964;[(22, {'0': 0.0, '1': 0.0})]
1580234123.8244956;[(22, {'0': 0.0, '1': 0.0})]
1580234123.8409932;[(22, {'0': 0.0, '1': 0.0}), (24, {'x': 4, 'y': 2, 't': 718})]
1580234123.856613;[(22, {'0': 0.0, '1': 0.0})]
1580234123.8732128;[(22, {'0': 0.0, '1': 0.0})]
1580234123.890604;[(22, {'0': 0.0, '1': 0.0})]
1580234123.906707;[(22, {'0': 0.0, '1': 0.0})]
1580234123.9221423;[(22, {'0': 0.0, '1': 0.0})]
1580234123.9381335;[(22, {'0': 0.0, '1': 0.0})]
1580234123.9614508;[(22, {'0': 0.0, '1': 0.0})]
1580234123.9728987;[(22, {'0': 0.0, '1': 0.0})]
1580234123.9887958;[(22, {'0': 0.0, '1': 0.0}), (24, {'x': 1, 'y': 5, 't': 644})]
1580234124.0034528;[(22, {'0': 0.0, '1': 0.0})]
1580234124.0195787;[(22, {'0': 0.0, '1': 0.0})]
1580234124.0463815;[(22, {'0': 0.0, '1': 0.0}), (22, {'0': 0.0, '1': 0.0})]
1580234124.0714507;[(22, {'0': 0.0, '1': 0.0})]
1580234124.0915146;[(22, {'0': 0.0, '1': 0.0})]
1580234124.1111987;[(22, {'0': 0.0, '1': 0.0})]
1580234124.128054;[(22, {'0': 0.0, '1': 0.0})]
1580234124.1450164;[(22, {'0': 0.0, '1': 0.0})]
1580234124.1606889;[(22, {'0': 0.0, '1': 0.0})]
1580234124.1766257;[(22, {'0': 0.0, '1': 0.0})]
1580234124.1926801;[(22, {'0': 0.0, '1': 0.0})]
1580234124.2088144;[(22, {'0': 0.0, '1': 0.0})]
1580234124.2249203;[(22, {'0': 0.0, '1': 0.0})]
1580234124.241878;[(22, {'0': 0.0, '1': 0.0})]
1580234124.2579768;[(22, {'0': 0.0, '1': 0.0})]
1580234124.2736006;[(22, {'0': 0.0, '1': 0.0})]
1580234124.290222;[(22, {'0': 0.0, '1': 0.0})]
1580234124.3059216;[(22, {'0': 0.0, '1': 0.0})]
1580234124.3216527;[(22, {'0': 0.0, '1': 0.0})]
1580234124.338497;[(22, {'0': 0.0, '1': 0.0})]
1580234124.3550935;[(22, {'0': 0.0, '1': 0.0}), (24, {'x': 13, 'y': 5, 't': 641})]
1580234124.3712254;[(22, {'0': 0.0, '1': 0.0})]
1580234124.3882945;[(22, {'0': 0.0, '1': 0.0}), (4, {'id': 0, 'x': 1.55, 'y': 2.5, 'f': 1})]
1580234124.405357;[(22, {'0': 0.0, '1': 0.0}), (4, {'id': 0, 'x': 1.6, 'y': 2.5, 'f': 1})]
1580234124.4218588;[(22, {'0': 0.0, '1': 0.0}), (4, {'id': 0, 'x': 1.65, 'y': 2.5, 'f': 1})]
1580234124.4380352;[(22, {'0': 0.0, '1': 0.0}), (4, {'id': 0, 'x': 1.7, 'y': 2.5, 'f': 1})]
1580234124.4553182;[(22, {'0': 0.0, '1': 0.0}), (4, {'id': 0, 'x': 1.7, 'y': 2.55, 'f': 0})]
1580234124.4718463;[(22, {'0': 0.0, '1': 0.0}), (4, {'id': 0, 'x': 1.7, 'y': 2.6, 'f': 0})]
1580234124.488539;[(22, {'0': 0.0, '1': 0.0}), (4, {'id': 0, 'x': 1.7, 'y': 2.65, 'f': 0})]
1580234124.5062282;[(22, {'0': 0.0, '1': 0.0}), (24, {'x': 1, 'y': 11, 't': 823}), (4, {'id': 0, 'x': 1.7, 'y': 2.7, 'f': 0})]
1580234124.5231957;[(22, {'0': 0.0, '1': 0.0})]
1580234124.5382545;[(22, {'0': 0.0, '1': 0.0}), (4, {'id': 0, 'x': 1.75, 'y': 2.7, 'f': 1})]
1580234124.5552022;[(22, {'0': 0.0, '1': 0.0}), (4, {'id': 0, 'x': 1.8, 'y': 2.7, 'f': 1})]
1580234124.57183;[(22, {'0': 0.0, '1': 0.0}), (4, {'id': 0, 'x': 1.85, 'y': 2.7, 'f': 1})]
1580234124.5886266;[(22, {'0': 0.0, '1': 0.0}), (4, {'id': 0, 'x': 1.9, 'y': 2.7, 'f': 1})]
1580234124.6053452;[(22, {'0': 0.0, '1': 0.0}), (4, {'id': 0, 'x': 1.95, 'y': 2.7, 'f': 1})]
1580234124.6232195;[(22, {'0': 0.0, '1': 0.0}), (4, {'id': 0, 'x': 2.0, 'y': 2.7, 'f': 1})]
1580234124.6425068;[(22, {'0': 0.0, '1': 0.0}), (22, {'0': 0.0, '1': 0.0}), (4, {'id': 0, 'x': 2.05, 'y': 2.7, 'f': 1})]
1580234124.6552517;[(4, {'id': 0, 'x': 2.1, 'y': 2.7, 'f': 1})]
1580234124.6775858;[(22, {'0': 0.0, '1': 0.0}), (22, {'0': 0.0, '1': 0.0}), (4, {'id': 0, 'x': 2.15, 'y': 2.7, 'f': 1})]
1580234124.6924756;[(22, {'0': 0.0, '1': 0.0}), (4, {'id': 0, 'x': 2.15, 'y': 2.65, 'f': 2})]
1580234124.7103167;[(22, {'0': 0.0, '1': 0.0}), (4, {'id': 0, 'x': 2.15, 'y': 2.6, 'f': 2})]
1580234124.7279956;[(22, {'0': 0.0, '1': 0.0}), (4, {'id': 0, 'x': 2.1, 'y': 2.6, 'f': 3})]
1580234124.7427404;[(22, {'0': 0.0, '1': 0.0}), (4, {'id': 0, 'x': 2.05, 'y': 2.6, 'f': 3})]
1580234124.759029;[(22, {'0': 0.0, '1': 0.0}), (4, {'id': 0, 'x': 2.0, 'y': 2.6, 'f': 3})]
1580234124.7759027;[(22, {'0': 0.0, '1': 0.0}), (4, {'id': 0, 'x': 1.95, 'y': 2.6, 'f': 3})]
1580234124.792325;[(22, {'0': 0.0, '1': 0.0}), (4, {'id': 0, 'x': 1.9, 'y': 2.6, 'f': 3})]
1580234124.8088012;[(22, {'0': 0.0, '1': 0.0}), (4, {'id': 0, 'x': 1.85, 'y': 2.6, 'f': 3})]
1580234124.825952;[(22, {'0': 0.0, '1': 0.0}), (4, {'id': 0, 'x': 1.8, 'y': 2.6, 'f': 3})]
1580234124.870299;[(22, {'0': 0.0, '1': 0.0}), (22, {'0': 0.0, '1': 0.0}), (4, {'id': 0, 'x': 1.85, 'y': 2.6, 'f': 1})]
1580234124.8782947;[(4, {'id': 0, 'x': 1.9, 'y': 2.6, 'f': 1})]
1580234124.89272;[(22, {'0': 0.0, '1': 0.0}), (4, {'id': 0, 'x': 1.95, 'y': 2.6, 'f': 1})]
1580234124.9087768;[(22, {'0': 0.0, '1': 0.0}), (4, {'id': 0, 'x': 2.0, 'y': 2.6, 'f': 1})]
1580234124.9250603;[(22, {'0': 0.0, '1': 0.0}), (4, {'id': 0, 'x': 2.05, 'y': 2.6, 'f': 1})]
1580234124.9411602;[(22, {'0': 0.0, '1': 0.0}), (4, {'id': 0, 'x': 2.1, 'y': 2.6, 'f': 1})]
1580234124.9573421;[(22, {'0': 0.0, '1': 0.0}), (4, {'id': 0, 'x': 2.15, 'y': 2.6, 'f': 1})]
1580234124.9898858;[(22, {'0': 0.0, '1': 0.0}), (4, {'id': 0, 'x': 2.15, 'y': 2.65, 'f': 0})]
1580234125.0097115;[(22, {'0': 0.0, '1': 0.0}), (22, {'0': 0.0, '1': 0.0}), (4, {'id': 0, 'x': 2.1, 'y': 2.65, 'f': 3})]
1580234125.0208158;[(4, {'id': 0, 'x': 2.05, 'y': 2.65, 'f': 3})]
1580234125.0359633;[(22, {'0': 0.0, '1': 0.0}), (4, {'id': 0, 'x': 2.0, 'y': 2.65, 'f': 3})]
1580234125.0513616;[(22, {'0': 0.0, '1': 0.0}), (4, {'id': 0, 'x': 1.95, 'y': 2.65, 'f': 3})]
1580234125.0686352;[(22, {'0': 0.0, '1': 0.0}), (4, {'id': 0, 'x': 1.9, 'y': 2.65, 'f': 3})]
1580234125.0852542;[(22, {'0': 0.0, '1': 0.0}), (4, {'id': 0, 'x': 1.85, 'y': 2.65, 'f': 3})]
1580234125.1004019;[(22, {'0': 0.0, '1': 0.0}), (4, {'id': 0, 'x': 1.85, 'y': 2.6, 'f': 2})]
1580234125.116654;[(22, {'0': 0.0, '1': 0.0}), (4, {'id': 0, 'x': 1.85, 'y': 2.55, 'f': 2})]
1580234125.13223;[(22, {'0': 0.0, '1': 0.0}), (4, {'id': 0, 'x': 1.85, 'y': 2.5, 'f': 2})]
1580234125.1488514;[(22, {'0': 0.0, '1': 0.0}), (4, {'id': 0, 'x': 1.85, 'y': 2.45, 'f': 2})]
1580234125.1645806;[(22, {'0': 0.0, '1': 0.0}), (4, {'id': 0, 'x': 1.85, 'y': 2.4, 'f': 2})]
1580234125.181011;[(22, {'0': 0.0, '1': 0.0}), (4, {'id': 0, 'x': 1.85, 'y': 2.35, 'f': 2})]
1580234125.1968412;[(22, {'0': 0.0, '1': 0.0})]
1580234125.2132816;[(22, {'0': 0.0, '1': 0.0})]
1580234125.2332962;[(22, {'0': 0.0, '1': 0.0})]
1580234125.2504685;[(22, {'0': 0.0, '1': 0.0}), (4, {'id': 0, 'x': 1.9, 'y': 2.35, 'f': 1})]
1580234125.2665112;[(22, {'0': 0.0, '1': 0.0}), (4, {'id': 0, 'x': 1.95, 'y': 2.35, 'f': 1})]
1580234125.282127;[(22, {'0': 0.0, '1': 0.0}), (4, {'id': 0, 'x': 2.0, 'y': 2.35, 'f': 1})]
1580234125.2998283;[(22, {'0': 0.0, '1': 0.0}), (4, {'id': 0, 'x': 2.05, 'y': 2.35, 'f': 1})]
1580234125.314344;[(22, {'0': 0.0, '1': 0.0}), (4, {'id': 0, 'x': 2.1, 'y': 2.35, 'f': 1})]
1580234125.3331642;[(22, {'0': 0.0, '1': 0.0}), (4, {'id': 0, 'x': 2.1, 'y': 2.4, 'f': 0})]
1580234125.3473668;[(22, {'0': 0.0, '1': 0.0}), (4, {'id': 0, 'x': 2.1, 'y': 2.45, 'f': 0})]
1580234125.362956;[(22, {'0': 0.0, '1': 0.0}), (4, {'id': 0, 'x': 2.1, 'y': 2.5, 'f': 0})]
1580234125.3801618;[(22, {'0': 0.0, '1': 0.0}), (4, {'id': 0, 'x': 2.1, 'y': 2.55, 'f': 0})]
1580234125.3946922;[(22, {'0': 0.0, '1': 0.0})]
1580234125.4114573;[(22, {'0': 0.0, '1': 0.0})]
1580234125.4277492;[(22, {'0': 0.0, '1': 0.0})]
