1579081700.9713533;-57.78196716308594;0
1579081700.9713721;-62.75834655761719;0
1579081700.9713964;-64.18147277832031;0
1579081701.036041;-60.79266357421875;0
1579081701.036065;-51.987274169921875;0
1579081701.0360854;-38.18475341796875;0
1579081701.0361028;-20.868896484375;0
1579081701.0361202;-2.2444915771484375;0
1579081701.0361364;15.38372802734375;0
1579081701.0361538;30.204574584960938;0
1579081701.0361726;0.6094028949737549;0
1579081701.0361898;41.31385803222656;0
1579081701.0362058;48.64300537109375;0
1579081701.0362217;52.653045654296875;0
1579081701.0362372;53.9599609375;0
1579081701.086041;53.07684326171875;0
1579081701.0929596;50.43974304199219;0
1579081701.0929852;46.50392150878906;0
1579081701.0929985;41.87353515625;0
1579081701.0930107;37.224151611328125;0
1579081701.0930214;33.13002014160156;0
1579081701.0930321;29.8612060546875;0
1579081701.0930424;27.320220947265625;0
1579081701.0930526;25.179840087890625;0
1579081701.0930629;23.152664184570312;0
1579081701.0930812;21.2293701171875;0
1579081701.3785546;19.658309936523438;0
1579081701.3920968;18.781646728515625;0
1579081701.3921206;18.714385986328125;0
1579081701.3921385;19.17962646484375;0
1579081701.392153;19.497421264648438;0
1579081701.3921657;18.877212524414062;0
1579081701.3921785;16.772308349609375;0
1579081701.392191;13.158645629882812;0
1579081701.3922043;8.520294189453125;0
1579081701.3922176;3.5886688232421875;0
1579081701.3922322;-1.0630340576171875;0
1579081702.2745464;-5.25579833984375;0
1579081702.274571;-9.3033447265625;0
1579081702.274591;-13.790130615234375;0
1579081702.2746058;-19.31787109375;0
1579081702.2746189;-26.1861572265625;0
1579081702.2746327;-34.241790771484375;0
1579081702.2746456;-42.73774719238281;0
1579081702.274659;-50.38719177246094;0
1579081702.274672;-55.499298095703125;0
1579081702.2746854;-56.355194091796875;0
1579081702.2747;-51.70933532714844;0
1579081702.2748153;0.3816298246383667;0
1579081702.2748296;0.38419109582901;0
1579081702.2748432;0.3790685534477234;0
1579081711.2403;-15.930572509765625;0
1579081711.2403433;-19.058273315429688;0
1579081711.240384;-21.143463134765625;0
1579081711.4116113;-22.424102783203125;0
1579081712.0399284;-23.153594970703125;0
1579081712.0399623;-23.48907470703125;0
1579081712.0399866;-23.536666870117188;0
1579081712.0400076;-23.406951904296875;0
1579081712.0400274;-23.35198974609375;0
1579081712.040046;-23.794471740722656;0
1579081712.0400639;-25.2791748046875;0
1579081712.0400817;-28.31615447998047;0
1579081712.0401006;-33.18089294433594;0
1579081712.040118;-39.801231384277344;0
1579081712.040249;-47.64253234863281;0
1579081712.040267;-55.71925354003906;0
1579081712.0402846;-62.61819076538086;0
1579081712.0403037;-66.70719909667969;0
1579081712.0403214;-66.52522277832031;0
1579081712.0403388;-61.221832275390625;0
1579081712.0403562;-50.9414176940918;0
1579081712.0403733;-36.887489318847656;0
1579081712.0403905;-21.03369140625;0
1579081712.0404088;-5.488285064697266;0
1579081712.0404263;8.082645416259766;0
1579081712.0417252;18.841209411621094;0
1579081712.0417495;26.672000885009766;0
1579081712.041769;31.835723876953125;0
1579081712.0417876;34.512115478515625;0
1579081712.0418055;34.61975860595703;0
1579081712.041824;31.917346954345703;0
1579081712.041842;26.320735931396484;0
1579081712.0418594;18.29039764404297;0
1579081712.041878;8.927434921264648;0
1579081712.041897;-0.1993122100830078;0
1579081712.041915;-7.552539825439453;0
1579081712.0945911;-12.161114692687988;0
1579081712.094608;-13.958398818969727;0
1579081712.0946193;-13.796804428100586;0
1579081712.09463;-13.03770637512207;0
1579081712.0946393;-12.984816551208496;0
1579081712.094649;-14.320073127746582;0
1579081712.094659;-16.83199119567871;0
1579081712.0946681;-19.5612850189209;0
1579081712.0946772;-21.240047454833984;0
1579081712.0946856;-20.9710750579834;0
1579081712.0946944;-18.65450096130371;0
1579081712.09476;0.37394601106643677;0
1579081712.0947692;0.37778791785240173;0
1579081712.0947778;0.38034918904304504;0
1579081712.094788;0.3816298246383667;0
1579081723.3987613;96.648193359375;0
1579081723.3987772;123.5428466796875;0
1579081723.7042363;148.32427978515625;0
1579081723.7042484;168.93643188476562;0
1579081723.7042565;183.8872528076172;0
1579081723.704264;192.701171875;0
1579081723.7042708;195.58274841308594;0
1579081723.704277;193.08551025390625;0
1579081723.7042832;185.86627197265625;0
1579081723.7042892;176.17526245117188;0
1579081723.7042952;165.72337341308594;0
1579081723.704301;154.56297302246094;0
1579081723.7043078;141.68569946289062;0
1579081723.7043536;126.56764221191406;0
1579081723.7043598;110.20097351074219;0
1579081723.704366;94.72224426269531;0
1579081723.7043722;82.65701293945312;0
1579081723.704379;75.97651672363281;0
1579081723.7043853;77.587158203125;0
1579081723.7043912;88.92594909667969;0
1579081723.7043972;108.44966125488281;0
1579081723.7044032;132.45204162597656;0
1579081723.7044091;156.68875122070312;0
1579081723.7044156;177.63540649414062;0
1579081723.7739308;192.70614624023438;0
1579081723.7926254;200.60255432128906;0
1579081723.792645;186.88766479492188;0
1579081723.7926595;145.58399963378906;0
1579081723.7926729;84.99588012695312;0
1579081723.7926989;22.346473693847656;0
1579081723.7927132;-28.59864044189453;0
1579081723.7927265;-63.862060546875;0
1579081723.7927399;-85.81222534179688;0
1579081723.792763;-98.1949691772461;0
1579081723.7927756;-103.10694885253906;0
1579081724.1095405;-101.95606231689453;0
1579081724.119428;-96.19087219238281;0
1579081724.1194475;-87.66639709472656;0
1579081724.119472;-80.34901428222656;0
1579081724.1194854;-78.18769836425781;0
1579081724.1194983;-83.12503051757812;0
1579081724.1195104;-93.70291137695312;0
1579081724.1195235;-106.31941986083984;0
1579081724.1195357;-116.90642547607422;0
1579081724.1195478;-124.81504821777344;0
1579081724.1195598;-133.47813415527344;0
1579081724.119645;0.39187490940093994;0
1579081724.1196582;0.39955875277519226;0
1579081724.119671;0.39443621039390564;0
1579081724.1196835;0.3957168459892273;0
1579081724.1196957;0.393155574798584;0
1579081735.2977982;68.919189453125;0
1579081735.6522431;67.3543701171875;0
1579081735.6522596;61.2401123046875;0
1579081735.6522777;51.96124267578125;0
1579081735.6522925;41.34930419921875;0
1579081735.652307;31.05316162109375;0
1579081735.6523206;22.05950927734375;0
1579081735.652333;14.5264892578125;0
1579081735.6523461;8.09100341796875;0
1579081735.6523595;2.3369140625;0
1579081735.6523728;-2.78082275390625;0
1579081735.6523857;-6.8333740234375;0
1579081735.6524742;-9.21282958984375;0
1579081735.6524875;-9.60577392578125;0
1579081735.6525;-8.37109375;0
1579081735.6525128;-6.5657958984375;0
1579081735.652525;-5.4945068359375;0
1579081735.652538;-6.13873291015625;0
1579081735.6525505;-8.67449951171875;0
1579081735.6525629;-12.493408203125;0
1579081735.6525764;-16.63299560546875;0
1579081735.652589;-20.2906494140625;0
1579081735.6527746;-23.1759033203125;0
1579081735.8049579;-25.47076416015625;0
1579081735.80498;-27.5452880859375;0
1579081735.8049972;-29.65411376953125;0
1579081735.805013;-31.79949951171875;0
1579081735.8050275;-33.82635498046875;0
1579081735.805041;-35.5430908203125;0
1579081735.8050542;-36.7720947265625;0
1579081735.8050675;-37.23748779296875;0
1579081735.8050807;-36.462158203125;0
1579081735.8050935;-33.850341796875;0
1579081735.8051074;-28.92608642578125;0
1579081736.0549843;-21.73223876953125;0
1579081736.0549936;-13.0821533203125;0
1579081736.0550008;-4.51861572265625;0
1579081736.0550075;2.07659912109375;0
1579081736.0550137;5.116455078125;0
1579081736.0550194;3.82635498046875;0
1579081736.0550253;-1.48236083984375;0
1579081736.0550318;-9.528076171875;0
1579081736.0550392;-18.52093505859375;0
1579081736.0550451;-26.7237548828125;0
1579081736.055051;-32.95208740234375;0
1579081736.0550582;0.3752266466617584;0
1579081736.0550642;0.3790685534477234;0
1579081736.0550706;0.39187490940093994;0
1579081736.055077;0.3816298246383667;0
1579081736.0550833;0.3816298246383667;0
1579081736.05509;0.3790685534477234;0
1579081736.8877604;82.72515869140625;0
1579081736.8956993;85.55230712890625;0
1579081736.895716;85.1400146484375;0
1579081736.8957307;81.30316162109375;0
1579081736.8957446;74.70159912109375;0
1579081736.8957582;66.6531982421875;0
1579081736.8957705;58.6497802734375;0
1579081736.8957834;51.9144287109375;0
1579081736.8957963;47.04412841796875;0
1579081736.8958092;43.8736572265625;0
1579081736.8958237;41.55853271484375;0
1579081736.8958375;38.84722900390625;0
1579081737.0119777;34.41265869140625;0
1579081737.0925398;27.2244873046875;0
1579081737.092572;16.89141845703125;0
1579081737.0925927;3.9010009765625;0
1579081737.0926096;-10.280517578125;0
1579081737.0926266;-23.36224365234375;0
1579081737.0926423;-32.72283935546875;0
1579081737.092657;-36.19647216796875;0
1579081737.0926716;-32.85943603515625;0
1579081737.0926852;-23.431884765625;0
1579081737.092699;-10.16497802734375;0
1579081737.8676531;3.87628173828125;0
1579081737.8676832;15.82232666015625;0
1579081737.8677022;23.81024169921875;0
1579081737.8677194;27.34478759765625;0
1579081737.8677354;26.96502685546875;0
1579081737.8677502;23.73382568359375;0
1579081737.8677652;18.631103515625;0
1579081737.8677804;12.38531494140625;0
1579081737.8677945;5.54937744140625;0
1579081737.8678088;-1.3065185546875;0
1579081737.8678226;-7.5650634765625;0
1579081737.8679187;-12.71966552734375;0
1579081737.867932;-16.598388671875;0
1579081737.8679457;-19.45703125;0
1579081737.86796;-21.72125244140625;0
1579081737.8679726;-23.67333984375;0
1579081737.8679857;-25.1463623046875;0
1579081737.8679981;-25.6070556640625;0
1579081737.868011;-24.4993896484375;0
1579081737.8680243;-21.65533447265625;0
1579081737.8680382;-17.55242919921875;0
1579081737.868051;-13.2042236328125;0
1579081737.8696818;0.38034918904304504;0
1579081737.869699;0.38034918904304504;0
1579081737.8697145;0.38291046023368835;0
1579081737.8697293;0.3790685534477234;0
1579081737.8697429;0.38034918904304504;0
1579081737.8697567;0.3790685534477234;0
1579081812.3829792;-16.681442260742188;0
1579081812.382998;13.160160064697266;0
1579081812.383011;36.36960983276367;0
1579081812.3830225;52.009090423583984;0
1579081812.3830342;60.73017120361328;0
1579081812.383045;64.09382629394531;0
1579081812.3830554;64.30668640136719;0
1579081812.3830678;64.22088623046875;0
1579081812.3830783;67.03199768066406;0
1579081812.3831553;75.46605682373047;0
1579081812.3831656;90.5255126953125;0
1579081812.3831766;110.51905822753906;0
1579081812.3831866;131.17047119140625;0
1579081812.3831978;146.81134033203125;0
1579081812.3832088;152.45529174804688;0
1579081812.3832185;145.67852783203125;0
1579081812.3832295;127.57498168945312;0
1579081812.3832405;102.03469848632812;0
1579081812.3839412;73.95646667480469;0
1579081812.383957;47.278106689453125;0
1579081812.3839695;34.189998626708984;0
1579081812.3839815;34.189998626708984;0
1579081812.383992;34.189998626708984;0
1579081812.3840022;34.189998626708984;0
1579081812.3840125;34.16999816894531;0
1579081812.3840225;34.16999816894531;0
1579081812.3840332;34.16999816894531;0
1579081812.3840435;34.16999816894531;0
1579081812.4502325;23.680267333984375;0
1579081812.4502876;2.515777587890625;0
1579081812.450333;-18.233078002929688;0
1579081812.4503763;-40.72303771972656;0
1579081812.4504156;-66.0977783203125;0
1579081812.4504557;-93.98637390136719;0
1579081812.4504964;-122.5272216796875;0
1579081812.4505382;-149.00274658203125;0
1579081812.4505785;-170.6064453125;0
1579081812.4506202;-185.22323608398438;0
1579081812.4506605;-191.95755004882812;0
1579081812.5824394;-191.15719604492188;0
1579081812.5945818;-184.10552978515625;0
1579081812.5946043;-172.54989624023438;0
1579081812.594621;-158.17782592773438;0
1579081812.5946364;-142.34564208984375;0
1579081812.594652;-126.1883544921875;0
1579081812.594666;-110.7239990234375;0
1579081812.5946805;-97.04217529296875;0
1579081812.5946956;-86.284423828125;0
1579081812.5947108;-79.32861328125;0
1579081812.5947266;-76.47232055664062;0
1579081812.594829;0.43413594365119934;0
1579081824.058245;-48.619598388671875;0
1579081824.0582645;-40.49574279785156;0
1579081824.0582807;-38.38775634765625;0
1579081824.058295;-45.70497131347656;0
1579081824.0583086;-63.7830810546875;0
1579081824.0583234;-90.35589599609375;0
1579081824.0583444;-119.25424194335938;0
1579081824.0583584;-141.9770965576172;0
1579081824.1397524;34.130001068115234;0
1579081824.1397645;34.130001068115234;0
1579081824.1397727;34.130001068115234;0
1579081824.1397805;34.130001068115234;0
1579081824.1397872;34.16999816894531;0
1579081824.1397934;34.16999816894531;0
1579081824.1397994;34.16999816894531;0
1579081824.1398048;34.16999816894531;0
1579081824.139812;-150.55429077148438;0
1579081824.1398199;-140.53530883789062;0
1579081824.1398265;-112.56070709228516;0
1579081824.1398327;-71.6945571899414;0
1579081824.139839;-25.01636505126953;0
1579081824.1398456;21.207107543945312;0
1579081824.1398518;63.175289154052734;0
1579081824.139858;99.32343292236328;0
1579081824.1398642;128.84304809570312;0
1579081824.1398704;150.32223510742188;0
1579081824.1398773;161.3546600341797;0
1579081824.4747;159.63824462890625;0
1579081824.4747176;144.3788604736328;0
1579081824.474733;117.0452880859375;0
1579081824.4747481;80.77881622314453;0
1579081824.4747622;38.846092224121094;0
1579081824.474777;-6.6421966552734375;0
1579081824.4747908;-54.861961364746094;0
1579081824.4748049;-104.88057708740234;0
1579081824.4748185;-153.74090576171875;0
1579081824.4748335;-195.57936096191406;0
1579081824.4748476;-222.65525817871094;0
1579081824.4749382;-228.35800170898438;0
1579081824.4749517;-210.5195770263672;0
1579081824.4833918;-173.16592407226562;0
1579081824.4834135;-125.62751770019531;0
1579081824.48343;-79.15739440917969;0
1579081824.483445;-42.80561828613281;0
1579081824.4834592;-20.485260009765625;0
1579081824.4834733;-10.5257568359375;0
1579081824.4836016;-7.453887939453125;0
1579081824.48362;-4.899810791015625;0
1579081824.483634;1.946380615234375;0
1579081824.4836493;0.42261022329330444;0
1579081824.4836633;0.42517149448394775;0
1579081850.8114238;49.53302001953125;0
1579081850.8114467;35.10321044921875;0
1579081850.8114648;24.777740478515625;0
1579081850.8114798;18.486480712890625;0
1579081850.8114934;15.20550537109375;0
1579081850.8115065;13.6944580078125;0
1579081850.9489346;13.17108154296875;0
1579081850.948969;13.49176025390625;0
1579081850.9489887;14.962554931640625;0
1579081850.9490037;17.7801513671875;0
1579081850.9490178;21.482421875;0
1579081850.9546373;24.7562255859375;0
1579081850.9546556;25.6141357421875;0
1579081850.9546711;21.921630859375;0
1579081850.9546864;12.05963134765625;0
1579081850.9547005;-4.389892578125;0
1579081850.9547148;-26.15521240234375;0
1579081851.1510594;-50.17840576171875;0
1579081851.15108;-71.93780517578125;0
1579081851.1510942;-86.4783935546875;0
1579081851.1511085;-89.73028564453125;0
1579081851.151122;-79.8193359375;0
1579081851.1511354;-57.7537841796875;0
1579081851.151149;-27.12884521484375;0
1579081851.1511621;7.0452880859375;0
1579081851.1511753;39.8712158203125;0
1579081851.1511896;67.80401611328125;0
1579081851.151203;89.1239013671875;0
1579081851.300175;103.474365234375;0
1579081851.3001854;111.15789794921875;0
1579081851.3001928;112.4896240234375;0
1579081851.3001993;107.7105712890625;0
1579081851.3002057;97.40838623046875;0
1579081851.3002114;82.9202880859375;0
1579081851.3002174;66.4674072265625;0
1579081851.3002245;50.63446044921875;0
1579081851.3002312;37.6151123046875;0
1579081851.3002367;28.4678955078125;0
1579081851.300243;22.89642333984375;0
1579081851.5147023;19.60400390625;0
1579081851.51476;17.02679443359375;0
1579081851.5148015;14.0635986328125;0
1579081851.5148401;10.406494140625;0
1579081851.5148785;6.43707275390625;0
1579081851.514916;2.71533203125;0
1579081851.5149536;-0.5244140625;0
1579081851.5149925;-3.5938720703125;0
1579081851.515032;-7.374755859375;0
1579081851.519965;-12.9801025390625;0
1579081851.5200217;-21.45703125;0
1579081851.5200782;0.388033002614975;0
1579081852.1524603;-68.67352294921875;0
1579081852.152478;-87.6285400390625;0
1579081852.1524942;-107.57562255859375;0
1579081852.1525083;-125.95867919921875;0
1579081852.1525216;-138.9156494140625;0
1579081852.152536;-142.46978759765625;0
1579081852.392012;-134.20339965820312;0
1579081852.3992217;-114.4090576171875;0
1579081852.3992445;-86.36807250976562;0
1579081852.3992627;-55.475677490234375;0
1579081852.3992777;-27.59100341796875;0
1579081852.3992908;-7.31884765625;0
1579081852.399306;3.086029052734375;0
1579081852.3993218;3.779815673828125;0
1579081852.3993356;-3.2969970703125;0
1579081852.3993492;-15.517974853515625;0
1579081852.3993623;-30.50067138671875;0
1579081852.5267525;-46.55072021484375;0
1579081852.5351892;-62.629608154296875;0
1579081852.5352128;-78.02896118164062;0
1579081852.5352294;-91.99899291992188;0
1579081852.535245;-103.60220336914062;0
1579081852.5352588;-111.87109375;0
1579081852.5352733;-116.1802978515625;0
1579081852.5352874;-116.64382934570312;0
1579081852.5353012;-114.23202514648438;0
1579081852.5353158;-110.62139892578125;0
1579081852.5353382;-107.69558715820312;0
1579081852.6705172;-106.91537475585938;0
1579081852.7305374;-108.89691162109375;0
1579081852.7305484;-113.2470703125;0
1579081852.7305572;-118.8743896484375;0
1579081852.7305644;-124.51336669921875;0
1579081852.7305717;-129.28433227539062;0
1579081852.730579;-132.99114990234375;0
1579081852.7305853;-136.013671875;0
1579081852.730592;-139.03515625;0
1579081852.7305982;-142.69821166992188;0
1579081852.7306046;-147.45709228515625;0
1579081852.8533778;-153.46023559570312;0
1579081852.8616033;-160.40646362304688;0
1579081852.8616152;-167.21432495117188;0
1579081852.8616238;-171.73748779296875;0
1579081852.8616312;-170.86865234375;0
1579081852.8616378;-161.2876434326172;0
1579081852.8616438;-140.69883728027344;0
1579081852.8616505;-109.06672668457031;0
1579081852.8616574;-69.07411193847656;0
1579081852.8616636;-25.538284301757812;0
1579081852.8616705;16.011947631835938;0
1579081852.9713604;0.388033002614975;0
1579081864.2145455;28.0609130859375;0
1579081864.2145603;27.263900756835938;0
1579081864.2150202;31.138885498046875;0
1579081864.2150362;39.5186767578125;0
1579081864.215049;51.48606872558594;0
1579081864.5476656;65.1910400390625;0
1579081864.6157734;78.06010437011719;0
1579081864.6157944;87.46356964111328;0
1579081864.6158097;91.54117584228516;0
1579081864.6158247;89.73265075683594;0
1579081864.6158383;83.01876831054688;0
1579081864.616174;73.4485092163086;0
1579081864.6162055;63.417755126953125;0
1579081864.616226;54.71711349487305;0
1579081864.6162343;47.980934143066406;0
1579081864.6162405;42.55646896362305;0
1579081864.6162972;36.91068649291992;0
1579081864.6163087;29.376663208007812;0
1579081864.6163173;18.86823272705078;0
1579081864.616324;5.43719482421875;0
1579081864.6163337;-9.578948974609375;0
1579081864.6163428;-23.716537475585938;0
1579081864.6163507;-33.71141052246094;0
1579081864.6163592;-36.18379211425781;0
1579081864.6163685;-28.536285400390625;0
1579081864.6163783;-9.893386840820312;0
1579081864.6163874;18.224105834960938;0
1579081864.7037098;51.99943542480469;0
1579081864.7132626;86.14028930664062;0
1579081864.7132833;115.41339111328125;0
1579081864.7132967;136.1871337890625;0
1579081864.7133086;147.28445434570312;0
1579081864.7133205;149.888427734375;0
1579081864.7133324;146.52435302734375;0
1579081864.7133439;139.74835205078125;0
1579081864.7133553;131.22079467773438;0
1579081864.7133682;121.47842407226562;0
1579081864.7133782;110.473876953125;0
1579081864.8630767;98.36227416992188;0
1579081864.8827648;86.08319091796875;0
1579081864.8827882;75.27020263671875;0
1579081864.8828027;67.74700927734375;0
1579081864.8828177;64.76296997070312;0
1579081864.8828344;66.38015747070312;0
1579081864.8828495;71.39007568359375;0
1579081864.8828633;77.68328857421875;0
1579081864.882878;82.91677856445312;0
1579081864.8828914;85.33941650390625;0
1579081864.8829038;84.33551025390625;0
1579081865.0285876;0.3867523670196533;0
1579081865.0286052;0.38931363821029663;0
1579081876.2877674;-228.22793579101562;0
1579081876.2877848;-232.75770568847656;0
1579081876.2877975;-228.51829528808594;0
1579081876.2878098;-214.7557830810547;0
1579081876.3733108;-192.5631561279297;0
1579081876.3878045;-165.09259033203125;0
1579081876.3878372;-137.03753662109375;0
1579081876.3878598;-113.26388549804688;0
1579081876.3878782;-97.34078979492188;0
1579081876.3878973;-90.5146484375;0
1579081876.3879168;-91.6533203125;0
1579081876.3879375;-98.13241577148438;0
1579081876.387978;-107.12969970703125;0
1579081876.3880162;-116.74346923828125;0
1579081876.388053;-126.18850708007812;0
1579081876.691619;-135.310302734375;0
1579081876.7146943;-143.80996704101562;0
1579081876.7147298;-150.59136962890625;0
1579081876.7147527;-153.79632568359375;0
1579081876.7147744;-151.3895263671875;0
1579081876.7147937;-141.84494018554688;0
1579081876.7148125;-124.63095092773438;0
1579081876.71483;-100.25003051757812;0
1579081876.714849;-69.83023071289062;0
1579081876.7148674;-34.734527587890625;0
1579081876.7148857;3.6385498046875;0
1579081876.7439127;43.6739501953125;0
1579081876.8008564;83.25225830078125;0
1579081876.8009748;119.66610717773438;0
1579081876.8010023;149.93765258789062;0
1579081876.8010247;171.52896118164062;0
1579081876.8010437;183.05517578125;0
1579081876.8010619;184.73211669921875;0
1579081876.8010805;178.1763916015625;0
1579081876.8010983;165.7965087890625;0
1579081876.801115;150.0596923828125;0
1579081876.8011334;132.9188232421875;0
1579081877.0996647;115.74749755859375;0
1579081877.1115766;99.61572265625;0
1579081877.11161;85.6104736328125;0
1579081877.111631;74.9957275390625;0
1579081877.1116493;68.9818115234375;0
1579081877.1116672;68.249755859375;0
1579081877.1116838;72.5299072265625;0
1579081877.1117055;80.47821044921875;0
1579081877.1117241;89.98431396484375;0
1579081877.1117454;98.81231689453125;0
1579081877.1117673;105.28546142578125;0
1579081877.1118994;0.3905942738056183;0
1579081877.1119196;0.38931363821029663;0
1579081877.1119375;0.3905942738056183;0
1579081888.2754018;52.5916748046875;0
1579081888.27541;46.35107421875;0
1579081888.2754161;42.7236328125;0
1579081888.588826;41.3846435546875;0
1579081888.5888498;42.123779296875;0
1579081888.5888708;44.3951416015625;0
1579081888.588964;47.33740234375;0
1579081888.5889838;49.9918212890625;0
1579081888.5890012;51.654541015625;0
1579081888.5890186;52.0521240234375;0
1579081888.589035;51.1331787109375;0
1579081888.5890524;48.8656005859375;0
1579081888.58907;45.165771484375;0
1579081888.5890868;41.676025390625;0
1579081889.207008;39.5748291015625;0
1579081889.20703;38.7410888671875;0
1579081889.207048;37.7191162109375;0
1579081889.2070696;34.839599609375;0
1579081889.2070885;29.3096923828125;0
1579081889.207105;21.5074462890625;0
1579081889.2071242;12.88720703125;0
1579081889.2071414;5.692626953125;0
1579081889.2071583;5.9952392578125;0
1579081889.2071755;18.406005859375;0
1579081889.2071922;43.5721435546875;0
1579081889.2072103;77.7410888671875;0
1579081889.207235;114.9993896484375;0
1579081889.2072535;149.8525390625;0
1579081889.207272;178.2855224609375;0
1579081889.2072916;198.11688232421875;0
1579081889.2073104;209.03656005859375;0
1579081889.207328;217.94232177734375;0
1579081889.207346;231.00885009765625;0
1579081889.207364;250.1285400390625;0
1579081889.2073822;272.40032958984375;0
1579081889.2074;293.4044189453125;0
1579081889.8034418;310.4681396484375;0
1579081889.8034637;322.87164306640625;0
1579081889.803479;331.04766845703125;0
1579081889.803493;335.62860107421875;0
1579081889.8035057;344.2457275390625;0
1579081889.8035176;362.130859375;0
1579081889.8035288;389.03759765625;0
1579081889.8035402;420.01336669921875;0
1579081889.8035522;450.1280517578125;0
1579081889.8035638;478.0841064453125;0
1579081889.8035753;504.7445068359375;0
1579081889.803659;0.3765072822570801;0
1579081889.803672;0.3790685534477234;0
1579081889.8036833;0.3816298246383667;0
1579081889.8036945;0.37778791785240173;0
1579081891.2363973;10.20166015625;0
1579081891.2364378;14.375;0
1579081891.2364724;13.26123046875;0
1579081891.2365031;9.096923828125;0
1579081891.236536;3.3739013671875;0
1579081891.23657;-3.2333984375;0
1579081891.8656783;-10.2386474609375;0
1579081891.8657014;-16.921142578125;0
1579081891.8657186;-22.482177734375;0
1579081891.8657367;-26.7462158203125;0
1579081891.865755;-30.80224609375;0
1579081891.8657722;-36.8150634765625;0
1579081891.8657887;-47.01416015625;0
1579081891.8658054;-62.260986328125;0
1579081891.865823;-81.115966796875;0
1579081891.8658407;-99.9268798828125;0
1579081891.8658605;-114.03125;0
1579081892.5106006;-119.5377197265625;0
1579081892.5106268;-114.92041015625;0
1579081892.5106468;-101.7999267578125;0
1579081892.5106635;-84.518310546875;0
1579081892.5106792;-68.83642578125;0
1579081892.5106945;-60.20703125;0
1579081892.510709;-62.3177490234375;0
1579081892.5107229;-76.1800537109375;0
1579081892.5107367;-99.99658203125;0
1579081892.5107522;-129.5504150390625;0
1579081892.5107663;-159.14453125;0
1579081892.5108738;-182.7342529296875;0
1579081892.510889;-195.1573486328125;0
1579081892.5109034;-193.1082763671875;0
1579081892.5109174;-175.8416748046875;0
1579081892.5109315;-145.4078369140625;0
1579081892.5109456;-106.2772216796875;0
1579081892.5109591;-64.4830322265625;0
1579081892.5109725;-26.19287109375;0
1579081892.510987;3.61083984375;0
1579081892.5110009;22.0841064453125;0
1579081892.5110137;28.6280517578125;0
1579081892.5123007;24.2291259765625;0
1579081892.5123186;10.62451171875;0
1579081892.5123339;-10.2371826171875;0
1579081892.5123487;-36.1702880859375;0
1579081892.5123634;-64.5723876953125;0
1579081892.5123785;-92.255859375;0
1579081892.512393;-115.892333984375;0
1579081892.512409;-132.7041015625;0
1579081892.5124242;-141.022216796875;0
1579081892.5124376;-140.314697265625;0
1579081892.512453;-130.7149658203125;0
1579081892.5125551;0.37778791785240173;0
1579081900.4669375;103.29336547851562;0
1579081900.4669452;97.9232177734375;0
1579081900.466988;91.46746826171875;0
1579081900.4669945;85.54666137695312;0
1579081900.4670002;81.37753295898438;0
1579081900.4670062;79.4781494140625;0
1579081900.4670122;79.65594482421875;0
1579081900.467018;81.17718505859375;0
1579081900.467024;83.12667846679688;0
1579081900.46703;84.71646118164062;0
1579081900.467036;85.43020629882812;0
1579081900.4670544;85.01361083984375;0
1579081900.4670694;83.35223388671875;0
1579081900.6490538;80.451416015625;0
1579081900.663816;76.4443359375;0
1579081900.6638494;71.56207275390625;0
1579081900.6638718;66.04598999023438;0
1579081900.6638937;59.98675537109375;0
1579081900.6639128;53.20703125;0
1579081900.6639316;45.252777099609375;0
1579081900.6639483;35.590362548828125;0
1579081900.6639643;23.821990966796875;0
1579081900.6639798;9.96295166015625;0
1579081900.6639962;-5.468597412109375;0
1579081900.781758;-21.409515380859375;0
1579081900.7894487;-36.34466552734375;0
1579081900.7894814;-48.534149169921875;0
1579081900.789504;-56.306640625;0
1579081900.7895231;-58.496337890625;0
1579081900.789542;-54.802825927734375;0
1579081900.7895584;-45.981353759765625;0
1579081900.7895746;-33.727935791015625;0
1579081900.7895906;-20.26171875;0
1579081900.7896054;-7.78277587890625;0
1579081900.7896204;2.01348876953125;0
1579081900.9651322;8.227325439453125;0
1579081900.976073;10.7025146484375;0
1579081900.9761047;9.8382568359375;0
1579081900.976132;6.345062255859375;0
1579081900.976153;1.064544677734375;0
1579081900.9761717;-5.079010009765625;0
1579081900.9761925;-11.136688232421875;0
1579081900.9762118;-16.106353759765625;0
1579081900.9762301;-19.06536865234375;0
1579081900.9762475;-19.370223999023438;0
1579081900.9762673;-16.851760864257812;0
1579081900.9762878;0.3752266466617584;0
1579081900.9763088;0.37778791785240173;0
1579081900.9866216;0.3752266466617584;0
1579081900.9866512;0.37778791785240173;0
1579081900.9866729;0.3752266466617584;0
1579081901.896033;2.9800567626953125;0
1579081901.896059;-9.769882202148438;0
1579081901.8960793;-23.915817260742188;0
1579081901.8960972;-38.64732360839844;0
1579081901.8961148;-52.92597198486328;0
1579081902.0829575;-65.09971618652344;0
1579081902.0967205;-72.79623413085938;0
1579081902.0967472;-73.38937377929688;0
1579081902.096764;-64.9718017578125;0
1579081902.0967817;-47.45095443725586;0
1579081902.0967968;-23.146900177001953;0
1579081902.0968127;3.5852699279785156;0
1579081902.0968268;27.58591079711914;0
1579081902.0968409;44.51410675048828;0
1579081902.0968547;52.04264831542969;0
1579081902.0968683;50.313663482666016;0
1579081902.1447735;34.029998779296875;0
1579081902.162257;34.029998779296875;0
1579081902.1622894;34.029998779296875;0
1579081902.1623108;34.029998779296875;0
1579081902.1623304;34.0099983215332;0
1579081902.1623476;34.0099983215332;0
1579081902.1623635;34.0099983215332;0
1579081902.1623795;34.0099983215332;0
1579081902.1901972;41.47876739501953;0
1579081902.1902275;28.72722053527832;0
1579081902.1902497;15.371148109436035;0
1579081902.1902683;4.177484512329102;0
1579081902.190287;-2.9317407608032227;0
1579081902.1903043;-4.98182487487793;0
1579081902.1903207;-2.0519447326660156;0
1579081902.190337;4.70460319519043;0
1579081902.1903536;13.076316833496094;0
1579081902.1903698;20.180145263671875;0
1579081902.1903856;23.204524993896484;0
1579081902.6984987;20.339893341064453;0
1579081902.6985257;11.575023651123047;0
1579081902.6985452;-1.1303215026855469;0
1579081902.698561;-14.530567169189453;0
1579081902.6985786;-25.530506134033203;0
1579081902.6985939;-32.688560485839844;0
1579081902.6986082;-37.03483581542969;0
1579081902.6986234;-41.605506896972656;0
1579081902.6986387;-49.856048583984375;0
1579081902.6986525;-63.66444396972656;0
1579081902.698667;-81.97870635986328;0
1579081902.6987762;0.37138473987579346;0
1579081902.6987927;0.37778791785240173;0
1579081902.6988072;0.37778791785240173;0
1579081902.6988223;0.3790685534477234;0
1579081902.698837;0.37778791785240173;0
1579081903.5445588;-52.34327697753906;0
1579081903.5445833;-31.802453994750977;0
1579081903.544617;-20.816436767578125;0
1579081903.544649;-18.42115020751953;0
1579081903.5446804;-22.387592315673828;0
1579081903.554813;-30.076942443847656;0
1579081903.5548341;-39.10840606689453;0
1579081903.554849;-47.72457504272461;0
1579081903.554861;-54.73670196533203;0
1579081903.5548742;-59.32887268066406;0
1579081903.5548854;-60.907432556152344;0
1579081903.554896;-59.15986633300781;0
1579081903.5549066;-54.2332649230957;0
1579081903.5549173;-46.785247802734375;0
1579081903.5549278;-37.87421417236328;0
1579081903.5549383;-28.555274963378906;0
1579081903.5932317;-19.50208282470703;0
1579081903.6076741;-10.843795776367188;0
1579081903.6076894;-2.249755859375;0
1579081903.607701;6.634490966796875;0
1579081903.6077108;15.880966186523438;0
1579081903.60772;25.077529907226562;0
1579081903.6077282;33.42335510253906;0
1579081903.607736;39.98036193847656;0
1579081903.6077456;43.82475280761719;0
1579081903.607754;44.24113464355469;0
1579081903.6077626;40.87248229980469;0
1579081903.7516537;33.91778564453125;0
1579081903.787731;24.413726806640625;0
1579081903.7877645;14.343780517578125;0
1579081903.7877886;6.372039794921875;0
1579081903.7878103;3.2000885009765625;0
1579081903.7878282;6.71380615234375;0
1579081903.787848;17.29052734375;0
1579081903.787866;33.644287109375;0
1579081903.7878847;53.28985595703125;0
1579081903.7879047;73.32882690429688;0
1579081903.7879229;91.27276611328125;0
1579081903.9437616;105.52017211914062;0
1579081903.95226;115.36151123046875;0
1579081903.9522927;120.71914672851562;0
1579081903.952316;121.80502319335938;0
1579081903.9523368;118.95779418945312;0
1579081903.952355;112.68795776367188;0
1579081903.9523735;103.76370239257812;0
1579081903.952391;93.2449951171875;0
1579081903.9524097;82.39675903320312;0
1579081903.9524286;72.39102172851562;0
1579081903.9524477;64.02471923828125;0
1579081903.9739244;0.3765072822570801;0
1579081903.9739563;0.3790685534477234;0
1579081914.0419495;449.5746765136719;0
1579081914.0419729;416.61810302734375;0
1579081914.041989;380.5159606933594;0
1579081914.042002;334.818603515625;0
1579081914.0420916;296.16510009765625;0
1579081914.0421038;272.16400146484375;0
1579081914.042115;252.5595703125;0
1579081914.0421255;232.43948364257812;0
1579081914.0421364;213.60128784179688;0
1579081914.0421476;197.7909393310547;0
1579081914.0421581;185.66326904296875;0
1579081914.0421686;170.05030822753906;0
1579081914.0421793;145.71817016601562;0
1579081914.04219;119.44248962402344;0
1579081914.0422008;94.29975128173828;0
1579081914.1595032;34.0099983215332;0
1579081914.1712918;34.0099983215332;0
1579081914.1713312;34.0099983215332;0
1579081914.1713529;34.0099983215332;0
1579081914.1713703;33.9900016784668;0
1579081914.171387;33.9900016784668;0
1579081914.171402;33.9900016784668;0
1579081914.171416;33.9900016784668;0
1579081914.7245781;64.34556579589844;0
1579081914.7245991;27.385269165039062;0
1579081914.724613;-14.1141357421875;0
1579081914.7246273;-55.01707458496094;0
1579081914.7246406;-89.89276123046875;0
1579081914.7246528;-116.62869262695312;0
1579081914.724665;-133.59844970703125;0
1579081914.7246761;-136.87408447265625;0
1579081914.724687;-126.36434936523438;0
1579081914.7246988;-107.9822998046875;0
1579081914.7247107;-87.05972290039062;0
1579081914.7247925;-66.58193969726562;0
1579081914.7248046;-47.126312255859375;0
1579081914.724816;-27.46588134765625;0
1579081914.7248268;-5.9866943359375;0
1579081914.7248378;18.54498291015625;0
1579081914.72485;46.25494384765625;0
1579081914.7248611;75.95751953125;0
1579081914.7248726;104.97802734375;0
1579081914.724921;131.2794189453125;0
1579081914.7249339;154.349365234375;0
1579081914.724945;175.03289794921875;0
1579081914.7262404;0.40852320194244385;0
1579081914.7262557;0.40852320194244385;0
1579081914.7262685;0.40596193075180054;0
1579081914.7262802;0.40852320194244385;0
1579081914.7262921;0.4046812951564789;0
1579081914.726304;0.40596193075180054;0
1579081915.2272415;-94.77667236328125;0
1579081915.2272584;-75.6134033203125;0
1579081915.227273;-51.17803955078125;0
1579081915.227287;-20.447998046875;0
1579081915.736116;16.22607421875;0
1579081915.7361245;56.69775390625;0
1579081915.7361314;96.9835205078125;0
1579081915.7361374;131.63818359375;0
1579081915.7361438;155.023681640625;0
1579081915.7361505;163.06396484375;0
1579081915.7361603;155.0218505859375;0
1579081915.7361672;134.29345703125;0
1579081915.7361734;107.534912109375;0
1579081915.7361794;82.16162109375;0
1579081915.7361856;63.44189453125;0
1579081915.7361922;52.4898681640625;0
1579081915.7361987;46.371337890625;0
1579081915.7362053;40.2257080078125;0
1579081915.7362115;30.17138671875;0
1579081915.736217;15.4522705078125;0
1579081915.7362235;-1.2808837890625;0
1579081915.7362292;-15.3736572265625;0
1579081915.7362354;-22.4375;0
1579081915.7362409;-20.114501953125;0
1579081915.7362463;-8.612548828125;0
1579081915.736252;9.878662109375;0
1579081915.8240068;32.3349609375;0
1579081915.8320897;55.7586669921875;0
1579081915.8321066;77.5367431640625;0
1579081915.8321185;95.2928466796875;0
1579081915.8321347;106.7325439453125;0
1579081915.8321462;109.7720947265625;0
1579081915.832157;103.1019287109375;0
1579081915.832167;86.8797607421875;0
1579081915.832178;63.072265625;0
1579081915.8321884;35.082763671875;0
1579081915.8321986;6.6409912109375;0
1579081915.9268658;-19.4908447265625;0
1579081915.9379566;-42.3831787109375;0
1579081915.9380054;-62.70654296875;0
1579081915.9380255;-81.658203125;0
1579081915.938046;-99.572021484375;0
1579081915.9380832;-115.1068115234375;0
1579081915.9381053;-125.61376953125;0
1579081915.9381251;-128.34228515625;0
1579081915.9381425;-121.816650390625;0
1579081915.938164;-106.521240234375;0
1579081915.93819;-84.5546875;0
1579081916.0233114;0.4072425663471222;0
1579081916.0312712;0.40852320194244385;0
1579081916.0312877;0.41108447313308716;0
1579081927.4915142;7.511260986328125;0
1579081927.4919727;-13.0625;0
1579081927.4920034;-35.02801513671875;0
1579081927.5437768;-54.8739013671875;0
1579081927.5437963;-68.40631103515625;0
1579081927.5438101;-72.188232421875;0
1579081927.543824;-64.98236083984375;0
1579081927.5438368;-48.41595458984375;0
1579081927.5438507;-26.407073974609375;0
1579081927.543863;-3.68450927734375;0
1579081927.543875;15.88641357421875;0
1579081927.543887;30.2652587890625;0
1579081927.543899;39.118194580078125;0
1579081927.5439115;42.915618896484375;0
1579081927.5899162;41.936492919921875;0
1579081927.6094096;35.809112548828125;0
1579081927.6094422;23.916778564453125;0
1579081927.6094692;6.261077880859375;0
1579081927.6094923;-15.73651123046875;0
1579081927.6095114;-39.15985107421875;0
1579081927.6095304;-60.2733154296875;0
1579081927.6095498;-75.71615600585938;0
1579081927.609569;-83.68582153320312;0
1579081927.6095877;-84.36822509765625;0
1579081927.6096048;-79.6602783203125;0
1579081927.9053276;-72.21197509765625;0
1579081927.9053426;-64.47763061523438;0
1579081927.9053543;-58.070159912109375;0
1579081927.9053657;-53.6815185546875;0
1579081927.905376;-51.36083984375;0
1579081927.9053867;-50.895599365234375;0
1579081927.9053972;-52.007415771484375;0
1579081927.9054067;-54.3577880859375;0
1579081927.905417;-57.518280029296875;0
1579081927.9054277;-61.144927978515625;0
1579081927.9054387;-65.189453125;0
1579081927.9283032;-70.04708862304688;0
1579081927.9516437;-76.33291625976562;0
1579081927.9516695;-84.26467895507812;0
1579081927.9516895;-93.01397705078125;0
1579081927.951707;-100.44015502929688;0
1579081927.9517214;-103.59536743164062;0
1579081927.9517353;-99.84341430664062;0
1579081927.951749;-88.07705688476562;0
1579081927.951763;-69.33529663085938;0
1579081927.9517767;-46.488250732421875;0
1579081927.9517918;-23.0999755859375;0
1579081927.9643264;0.4034006595611572;0
1579081927.9720986;0.4034006595611572;0
1579081927.9721143;0.4046812951564789;0
1579081927.9721253;0.4034006595611572;0
1579081928.721477;83.2254638671875;0
1579081928.7215266;80.59172821044922;0
1579081928.7215512;73.873291015625;0
1579081929.1653793;63.592716217041016;0
1579081929.165412;50.90901565551758;0
1579081929.165434;37.526126861572266;0
1579081929.165453;25.354650497436523;0
1579081929.165472;15.990900993347168;0
1579081929.1654897;10.306415557861328;0
1579081929.1655087;8.34140682220459;0
1579081929.1655278;9.435257911682129;0
1579081929.1655474;12.554950714111328;0
1579081929.165565;16.641918182373047;0
1579081929.1655843;20.80113410949707;0
1579081929.1657164;24.443775177001953;0
1579081929.1657357;27.195411682128906;0
1579081929.1657536;28.926074981689453;0
1579081929.1657734;29.560443878173828;0
1579081929.1657908;29.08348846435547;0
1579081929.165808;27.54096221923828;0
1579081929.1658244;25.052978515625;0
1579081929.1658418;21.890945434570312;0
1579081929.1658597;18.445167541503906;0
1579081929.1658776;15.082473754882812;0
1579081929.165895;12.047016143798828;0
1579081929.1669042;9.512386322021484;0
1579081929.166928;7.771747589111328;0
1579081929.1669466;7.495521545410156;0
1579081929.1669657;9.771751403808594;0
1579081929.1669846;15.709014892578125;0
1579081929.1670022;25.971691131591797;0
1579081929.1670206;40.366783142089844;0
1579081929.1670384;57.798763275146484;0
1579081929.1670556;76.59349060058594;0
1579081929.1670737;94.79833984375;0
1579081929.1670923;110.31036376953125;0
1579081929.3194814;120.8882827758789;0
1579081929.3258405;124.31565856933594;0
1579081929.325856;118.90003967285156;0
1579081929.3258665;104.16368865966797;0
1579081929.3258777;81.35972595214844;0
1579081929.3258877;53.479164123535156;0
1579081929.3258965;24.48535919189453;0
1579081929.325905;-1.81048583984375;0
1579081929.3259146;-22.686996459960938;0
1579081929.325923;-36.98558807373047;0
1579081929.3259313;-44.8851318359375;0
1579081929.4646037;0.4046812951564789;0
1579081929.5282693;0.40212002396583557;0
1579081929.5283015;0.40212002396583557;0
1579081929.5283244;0.4046812951564789;0
1579081939.9886901;-77.27484130859375;0
1579081939.9887125;-73.20660400390625;0
1579081939.988796;-62.48199462890625;0
1579081939.9888046;-50.32232666015625;0
1579081939.9888132;-40.8199462890625;0
1579081939.9888217;-35.633056640625;0
1579081939.98883;-34.02923583984375;0
1579081939.988843;-34.08984375;0
1579081939.9888582;-34.40350341796875;0
1579081939.988874;-35.10687255859375;0
1579081939.9889307;-37.7127685546875;0
1579081939.9892378;-43.7716064453125;0
1579081939.9892495;-53.5386962890625;0
1579081940.0295591;-65.4765625;0
1579081940.029575;-77.00146484375;0
1579081940.0295923;-85.96942138671875;0
1579081940.0296042;-91.9432373046875;0
1579081940.029616;-96.3638916015625;0
1579081940.029627;-101.561767578125;0
1579081940.029639;-109.37890625;0
1579081940.0296526;-120.32025146484375;0
1579081940.0296657;-133.58978271484375;0
1579081940.0296783;-147.97808837890625;0
1579081940.0296912;-162.5360107421875;0
1579081940.0297694;-176.63189697265625;0
1579081940.0297813;-189.47576904296875;0
1579081940.0297937;-199.72845458984375;0
1579081940.0298047;-205.8447265625;0
1579081940.0298166;-207.1939697265625;0
1579081940.0298276;-205.323974609375;0
1579081940.0298393;-204.35888671875;0
1579081940.029851;-209.85888671875;0
1579081940.0432723;-226.38006591796875;0
1579081940.0432947;-254.8497314453125;0
1579081940.0433109;-291.30908203125;0
1579081940.0434015;-327.71221923828125;0
1579081940.0434155;-354.6724853515625;0
1579081940.0434272;-364.894287109375;0
1579081940.0434391;-355.63250732421875;0
1579081940.0434506;-329.14764404296875;0
1579081940.0434642;-291.1953125;0
1579081940.043477;-248.340087890625;0
1579081940.0434892;-205.60589599609375;0
1579081940.0435011;-165.29638671875;0
1579081940.0435133;-127.26190185546875;0
1579081940.043526;-90.1806640625;0
1579081940.0435393;0.393155574798584;0
1579081940.0435524;0.393155574798584;0
1579081940.043564;0.39443621039390564;0
1579081940.0435762;0.388033002614975;0
1579081940.0435889;0.393155574798584;0
1579081940.8646476;146.80709838867188;0
1579081940.8646693;123.97079467773438;0
1579081940.8664622;94.82379150390625;0
1579081940.8664901;64.55526733398438;0
1579081940.866511;39.428466796875;0
1579081940.8665326;24.65814208984375;0
1579081940.866551;22.30975341796875;0
1579081940.86657;30.355194091796875;0
1579081940.8665872;43.152374267578125;0
1579081940.8666072;53.3272705078125;0
1579081940.8666258;54.343963623046875;0
1579081940.8666434;42.753936767578125;0
1579081940.866661;19.252227783203125;0
1579081941.0147862;-11.677947998046875;0
1579081941.0238101;-43.40325927734375;0
1579081941.0238361;-69.25405883789062;0
1579081941.0238535;-84.34088134765625;0
1579081941.02387;-86.82916259765625;0
1579081941.0238848;-78.43563842773438;0
1579081941.0238984;-64.07769775390625;0
1579081941.0239122;-50.83697509765625;0
1579081941.0239255;-45.9749755859375;0
1579081941.0239403;-54.713531494140625;0
1579081941.0239534;-78.3358154296875;0
1579081941.6536484;-113.64288330078125;0
1579081941.6536815;-154.32095336914062;0
1579081941.6537051;-193.513671875;0
1579081941.6537256;-226.44161987304688;0
1579081941.653744;-251.47915649414062;0
1579081941.653762;-269.2802429199219;0
1579081941.6537802;-280.6630859375;0
1579081941.6538002;-284.8770751953125;0
1579081941.653818;-279.535400390625;0
1579081941.653835;-262.2249755859375;0
1579081941.6538525;-232.65878295898438;0
1579081941.6539826;-193.75137329101562;0
1579081941.6540017;-150.76669311523438;0
1579081941.6540222;-109.0125732421875;0
1579081941.6540415;-71.53187561035156;0
1579081941.6540594;-37.90104675292969;0
1579081941.6540759;-4.89630126953125;0
1579081941.6540942;31.563446044921875;0
1579081941.6541135;74.37916564941406;0
1579081941.6541312;123.98274230957031;0
1579081941.654148;178.18310546875;0
1579081941.654166;232.77850341796875;0
1579081941.6557038;0.393155574798584;0
1579081941.6557276;0.3905942738056183;0
1579081941.6557481;0.393155574798584;0
1579081941.6557682;0.3905942738056183;0
1579081941.6557872;0.393155574798584;0
1579081953.7610116;22.489013671875;0
1579081953.7633817;-5.2158203125;0
1579081953.7634127;-34.81982421875;0
1579081953.7634428;-63.890380859375;0
1579081953.7634723;-89.75808715820312;0
1579081953.7635021;-110.68731689453125;0
1579081953.7635303;-126.58370971679688;0
1579081953.7635477;-138.828125;0
1579081953.7635632;-149.4879150390625;0
1579081953.7635791;-160.27764892578125;0
1579081953.7635918;-171.92514038085938;0
1579081953.7636049;-184.2152099609375;0
1579081953.7636976;-196.363525390625;0
1579081953.7637115;-207.48941040039062;0
1579081953.763724;-216.67984008789062;0
1579081953.7637362;-222.6912841796875;0
1579081953.7637484;-223.633544921875;0
1579081953.7637618;-217.06015014648438;0
1579081953.763774;-200.6896209716797;0
1579081953.763786;-173.51976013183594;0
1579081953.7637982;-136.75555419921875;0
1579081953.763811;-93.93170166015625;0
1579081953.763823;-50.026611328125;0
1579081953.7654538;-9.975418090820312;0
1579081953.7654712;22.773757934570312;0
1579081953.7654853;46.88981628417969;0
1579081953.7655008;62.81510925292969;0
1579081953.7655141;71.82711791992188;0
1579081953.765527;75.06660461425781;0
1579081953.7655401;73.19515991210938;0
1579081953.7655535;66.63572692871094;0
1579081953.7655668;56.15435791015625;0
1579081953.7655802;43.206153869628906;0
1579081953.7655933;29.847244262695312;0
1579081953.7656825;18.081710815429688;0
1579081953.7656963;9.319770812988281;0
1579081953.7657108;4.046775817871094;0
1579081953.7657247;2.0350875854492188;0
1579081953.7657375;2.7558746337890625;0
1579081953.7657502;5.713523864746094;0
1579081953.7657633;10.441329956054688;0
1579081953.765776;16.243663787841797;0
1579081953.7657883;21.994037628173828;0
1579081953.7658014;26.228347778320312;0
1579081953.7658138;27.65224266052246;0
1579081953.7672195;0.40596193075180054;0
1579081953.767237;0.41108447313308716;0
1579081953.767252;0.4072425663471222;0
1579081953.7672653;0.40852320194244385;0
1579081953.7672782;0.40596193075180054;0
1579081953.767291;0.40852320194244385;0
1579082017.4290383;-59.4072265625;0
1579082017.4290717;-68.3057861328125;0
1579082017.429276;-78.580078125;0
1579082017.4293091;-88.57452392578125;0
1579082017.4293396;-95.986572265625;0
1579082017.4293728;-98.38140869140625;0
1579082017.4294016;-93.86767578125;0
1579082017.4294326;-81.74761962890625;0
1579082017.4294639;-62.7989501953125;0
1579082017.4294956;-39.16925048828125;0
1579082017.4295228;-13.77490234375;0
1579082017.429551;10.41265869140625;0
1579082017.429579;30.92987060546875;0
1579082017.8357217;46.18853759765625;0
1579082017.835746;55.43206787109375;0
1579082017.8357658;58.61676025390625;0
1579082017.8357868;56.2421875;0
1579082017.8358066;49.263916015625;0
1579082017.8358247;39.02117919921875;0
1579082017.8358421;27.1484375;0
1579082017.8358583;15.3529052734375;0
1579082017.835875;5.11236572265625;0
1579082017.8358924;-2.6192626953125;0
1579082017.8359096;-7.554443359375;0
1579082017.8360293;-10.08349609375;0
1579082017.8360467;-11.04638671875;0
1579082017.836064;-11.4395751953125;0
1579082017.8360822;-12.12213134765625;0
1579082017.8360999;-13.57611083984375;0
1579082017.8361168;-15.9044189453125;0
1579082017.836133;-18.8765869140625;0
1579082017.8361502;-22.15570068359375;0
1579082017.8361666;-25.52740478515625;0
1579082017.8365352;-29.0545654296875;0
1579082017.836558;-33.11004638671875;0
1579082018.223684;-38.341064453125;0
1579082018.2237108;-45.44146728515625;0
1579082018.2237298;-54.833282470703125;0
1579082018.223746;-66.35107421875;0
1579082018.2237628;-78.98648071289062;0
1579082018.2237785;-90.90310668945312;0
1579082018.2237942;-99.72616577148438;0
1579082018.2238111;-103.1280517578125;0
1579082018.223827;-99.4739990234375;0
1579082018.223843;-88.33999633789062;0
1579082018.2238588;-70.65081787109375;0
1579082018.2239716;0.4098038375377655;0
1579082018.22399;0.4046812951564789;0
1579082018.2240067;0.40596193075180054;0
1579082018.2240229;0.4008393883705139;0
1579082018.2240398;0.4034006595611572;0
1579082029.194688;-311.27667236328125;0
1579082029.471603;-325.6514892578125;0
1579082029.490042;-329.1277770996094;0
1579082029.4900663;-326.6930236816406;0
1579082029.4900851;-322.2596740722656;0
1579082029.4901035;-317.27008056640625;0
1579082029.4901206;-310.8858642578125;0
1579082029.4901352;-301.4705810546875;0
1579082029.490149;-288.2103271484375;0
1579082029.4901638;-271.72552490234375;0
1579082029.4901776;-253.53062438964844;0
1579082029.490192;-234.78811645507812;0
1579082029.5162692;-215.42660522460938;0
1579082029.5362105;-194.1526336669922;0
1579082029.5362387;-169.3088836669922;0
1579082029.5362594;-139.88775634765625;0
1579082029.5362766;-106.02120971679688;0
1579082029.5362957;-68.90789794921875;0
1579082029.5363135;-30.36798095703125;0
1579082029.53634;7.552398681640625;0
1579082029.5363657;42.668426513671875;0
1579082029.53639;72.62347412109375;0
1579082029.5364141;95.07711791992188;0
1579082029.6776235;108.27206420898438;0
1579082030.0831463;111.797119140625;0
1579082030.0831811;107.04132080078125;0
1579082030.0832038;97.0269775390625;0
1579082030.0832236;85.601318359375;0
1579082030.0832405;76.324462890625;0
1579082030.0832577;71.5491943359375;0
1579082030.083276;71.9932861328125;0
1579082030.0832956;76.8973388671875;0
1579082030.0833154;84.50482177734375;0
1579082030.0833337;92.71856689453125;0
1579082030.0834649;99.6458740234375;0
1579082030.0834844;103.98956298828125;0
1579082030.0835037;105.2578125;0
1579082030.0835207;103.75439453125;0
1579082030.0835392;100.35235595703125;0
1579082030.0835557;95.997314453125;0
1579082030.083572;91.2296142578125;0
1579082030.0835893;85.83111572265625;0
1579082030.0836072;78.80059814453125;0
1579082030.0836244;68.70367431640625;0
1579082030.0836413;54.26385498046875;0
1579082030.084333;0.4584680497646332;0
1579082030.0843568;0.45590677857398987;0
1579082030.0843766;0.4571874141693115;0
1579082030.0843961;0.4571874141693115;0
1579082030.0844152;0.45974868535995483;0
1579082030.168702;0.4571874141693115;0
1579082104.265993;8.251708984375;0
1579082104.2660408;-0.63525390625;0
1579082104.2660732;-10.9215087890625;0
1579082104.2660933;-22.8984375;0
1579082104.2661119;-36.664306640625;0
1579082104.2661302;-51.8521728515625;0
1579082104.4513042;-67.2403564453125;0
1579082104.4513345;-80.5615234375;0
1579082104.4513547;-88.8265380859375;0
1579082104.4513724;-88.994384765625;0
1579082104.4513884;-79.0469970703125;0
1579082104.4514039;-58.806884765625;0
1579082104.4514184;-30.188720703125;0
1579082104.451434;3.225830078125;0
1579082104.4514496;37.200439453125;0
1579082104.4514644;67.9278564453125;0
1579082104.4514806;92.7972412109375;0
1579082104.6620376;110.5404052734375;0
1579082104.7007642;120.9940185546875;0
1579082104.700782;124.6943359375;0
1579082104.7007947;122.5352783203125;0
1579082104.700806;115.7178955078125;0
1579082104.7008157;105.738037109375;0
1579082104.7008257;94.29443359375;0
1579082104.7008345;83.023193359375;0
1579082104.7008436;73.11962890625;0
1579082104.7008536;65.0010986328125;0
1579082104.7008624;58.233154296875;0
1579082105.0503309;51.746826171875;0
1579082105.050341;44.246337890625;0
1579082105.0503492;34.681396484375;0
1579082105.0503588;22.57763671875;0
1579082105.050367;8.154296875;0
1579082105.0503757;-7.79345703125;0
1579082105.0503838;-24.17431640625;0
1579082105.0503922;-40.013671875;0
1579082105.0504012;-54.7232666015625;0
1579082105.0504096;-68.2489013671875;0
1579082105.050418;-81.01953125;0
1579082105.0504754;-93.7208251953125;0
1579082105.0504868;-107.1131591796875;0
1579082105.050495;-121.842041015625;0
1579082105.0505037;-138.3104248046875;0
1579082105.0505118;-156.557373046875;0
1579082105.0505292;-175.9378662109375;0
1579082105.057951;-194.8853759765625;0
1579082105.057967;-210.8365478515625;0
1579082105.0579777;-220.7147216796875;0
1579082105.057987;-221.782958984375;0
1579082105.0579963;-212.704345703125;0
1579082105.0580072;1.1810832023620605;0
1579082105.8817234;44.7293701171875;0
1579082105.8817472;32.5987548828125;0
1579082105.881766;17.9503173828125;0
1579082105.881782;1.4156494140625;0
1579082105.8817978;-15.847900390625;0
1579082105.8818147;-32.3115234375;0
1579082105.8818302;-46.1915283203125;0
1579082105.8818448;-55.624267578125;0
1579082105.8818598;-58.8201904296875;0
1579082106.486377;-54.3126220703125;0
1579082106.4864063;-41.44482421875;0
1579082106.4864259;-20.868896484375;0
1579082106.4864426;5.1448974609375;0
1579082106.4864604;32.9732666015625;0
1579082106.4864762;58.5169677734375;0
1579082106.4864929;78.3359375;0
1579082106.4865086;90.7080078125;0
1579082106.4865255;95.8638916015625;0
1579082106.4865408;95.5367431640625;0
1579082106.4865558;91.8726806640625;0
1579082106.4866722;34.16999816894531;0
1579082106.4866898;34.16999816894531;0
1579082106.486706;34.16999816894531;0
1579082106.4867222;34.16999816894531;0
1579082106.4867387;34.16999816894531;0
1579082106.486754;34.16999816894531;0
1579082106.48677;34.16999816894531;0
1579082106.4867852;34.16999816894531;0
1579082106.4868007;86.376220703125;0
1579082106.4868152;79.4295654296875;0
1579082106.48683;70.62841796875;0
1579082106.4868453;59.7298583984375;0
1579082106.4868605;47.564453125;0
1579082106.498385;36.406005859375;0
1579082106.4984162;29.419677734375;0
1579082106.4984381;29.541259765625;0
1579082106.4984596;38.2999267578125;0
1579082106.4984803;55.1434326171875;0
1579082106.4984975;77.6751708984375;0
1579082106.498626;102.593994140625;0
1579082106.4986486;126.7828369140625;0
1579082106.4986672;147.9793701171875;0
1579082106.4986851;164.7823486328125;0
1579082106.4987044;176.0634765625;0
1579082106.4987226;180.49853515625;0
1579082106.498741;176.5682373046875;0
1579082106.4987586;163.238037109375;0
1579082106.4987779;140.7523193359375;0
1579082106.4987953;110.922119140625;0
1579082106.4988127;76.68310546875;0
1579082106.4989316;1.1785218715667725;0
1579082117.8757467;88.63146209716797;0
1579082117.8757699;86.61109161376953;0
1579082117.8757873;80.53387451171875;0
1579082117.8757977;70.61376190185547;0
1579082117.8758066;58.584129333496094;0
1579082117.875815;46.622703552246094;0
1579082117.8758235;36.848426818847656;0
1579082117.8758318;30.776901245117188;0
1579082118.0135098;28.59539031982422;0
1579082118.0231853;29.526023864746094;0
1579082118.0232048;32.049293518066406;0
1579082118.0232193;33.691123962402344;0
1579082118.023233;31.611709594726562;0
1579082118.0232449;26.919898986816406;0
1579082118.023256;19.65607452392578;0
1579082118.0232668;10.458938598632812;0
1579082118.0232775;0.766632080078125;0
1579082118.0232885;-7.66192626953125;0
1579082118.0232985;-13.1595458984375;0
1579082118.0879338;34.189998626708984;0
1579082118.1554792;34.189998626708984;0
1579082118.1555164;34.189998626708984;0
1579082118.1555438;34.189998626708984;0
1579082118.155569;34.209999084472656;0
1579082118.1555948;34.209999084472656;0
1579082118.1556203;34.209999084472656;0
1579082118.1556456;34.209999084472656;0
1579082118.211655;-14.741104125976562;0
1579082118.2216747;-12.606353759765625;0
1579082118.2217035;-7.914031982421875;0
1579082118.2217262;-2.1728515625;0
1579082118.2217479;2.8013458251953125;0
1579082118.2217681;5.9267730712890625;0
1579082118.2217882;6.8455657958984375;0
1579082118.2218087;5.6992645263671875;0
1579082118.2218301;2.868988037109375;0
1579082118.221852;-1.199371337890625;0
1579082118.2218738;-6.2862701416015625;0
1579082118.3611982;-12.400680541992188;0
1579082118.3777657;-19.6064453125;0
1579082118.3777847;-28.173110961914062;0
1579082118.3777962;-37.73878479003906;0
1579082118.377807;-47.27911376953125;0
1579082118.3778167;-55.53057861328125;0
1579082118.3778262;-61.45463562011719;0
1579082118.377835;-64.77719116210938;0
1579082118.3778434;-66.09907531738281;0
1579082118.3778522;-66.56123352050781;0
1579082118.3778608;-67.11932373046875;0
1579082118.4618826;1.3079652786254883;0
1579082118.4750612;1.3054039478302002;0
1579082130.0966465;89.24765014648438;0
1579082130.0966938;109.32798767089844;0
1579082130.0967293;127.63829803466797;0
1579082130.0967505;143.73663330078125;0
1579082130.0967689;155.20147705078125;0
1579082130.0967872;160.55783081054688;0
1579082130.096806;158.0308837890625;0
1579082130.096825;146.38616943359375;0
1579082130.0968425;125.7532958984375;0
1579082130.0968604;91.403564453125;0
1579082130.096968;48.336605072021484;0
1579082130.0970137;8.036333084106445;0
1579082130.0970483;-19.32317352294922;0
1579082130.0970838;-38.37741470336914;0
1579082130.0971184;-55.100765228271484;0
1579082130.0971513;-72.34200286865234;0
1579082130.097184;-91.37720489501953;0
1579082130.097218;-113.60403442382812;0
1579082130.0987153;34.189998626708984;0
1579082130.0987391;34.189998626708984;0
1579082130.098759;34.189998626708984;0
1579082130.098779;34.189998626708984;0
1579082130.0987978;34.189998626708984;0
1579082130.0988157;34.189998626708984;0
1579082130.0988326;34.189998626708984;0
1579082130.0988498;34.189998626708984;0
1579082130.2376285;-139.37088012695312;0
1579082130.2482903;-167.5781707763672;0
1579082130.248313;-196.21099853515625;0
1579082130.2483282;-222.27740478515625;0
1579082130.248341;-241.77044677734375;0
1579082130.2483528;-249.32537841796875;0
1579082130.2483664;-242.5574951171875;0
1579082130.2483783;-223.0550994873047;0
1579082130.2483902;-195.95179748535156;0
1579082130.2484019;-165.86532592773438;0
1579082130.2484145;-135.58375549316406;0
1579082130.447452;-106.57476806640625;0
1579082130.5055428;-80.26506805419922;0
1579082130.505569;-59.22828674316406;0
1579082130.5055873;-46.080535888671875;0
1579082130.5056036;-44.034942626953125;0
1579082130.5056202;-54.48651123046875;0
1579082130.505635;-76.24261474609375;0
1579082130.5056508;-95.17608642578125;0
1579082130.505667;-96.89157104492188;0
1579082130.5056822;-75.25239562988281;0
1579082130.5056977;-36.47076416015625;0
1579082130.5058064;1.3489456176757812;0
1579082130.5058215;1.3463844060897827;0
1579082130.5058358;1.3438230752944946;0
1579082142.3357553;-117.02789306640625;0
1579082142.3357787;-121.57867431640625;0
1579082142.3357973;-127.88555908203125;0
1579082142.335815;-135.12652587890625;0
1579082142.3358328;-141.18243408203125;0
1579082142.3358502;-143.14581298828125;0
1579082142.3359716;-138.12994384765625;0
1579082142.3359902;-124.34136962890625;0
1579082142.336007;-101.793212890625;0
1579082142.336026;-72.4072265625;0
1579082142.3360448;-39.46954345703125;0
1579082142.3380742;-6.66748046875;0
1579082142.3381066;22.8544921875;0
1579082142.3381317;46.967529296875;0
1579082142.3381515;64.5770263671875;0
1579082142.3381684;75.3482666015625;0
1579082142.3381898;79.41131591796875;0
1579082142.3382123;34.22999954223633;0
1579082142.3382316;34.22999954223633;0
1579082142.3382514;34.22999954223633;0
1579082142.338269;34.22999954223633;0
1579082142.3382864;34.22999954223633;0
1579082142.338305;34.22999954223633;0
1579082142.3383229;34.22999954223633;0
1579082142.3383398;34.22999954223633;0
1579082142.3384643;77.2406005859375;0
1579082142.3384821;69.7435302734375;0
1579082142.3385005;58.30426025390625;0
1579082142.3385236;44.68267822265625;0
1579082142.3385546;30.72412109375;0
1579082142.3385859;17.98016357421875;0
1579082142.3386178;7.3682861328125;0
1579082142.343136;-0.8707275390625;0
1579082142.3431509;-7.034423828125;0
1579082142.3431647;-11.69281005859375;0
1579082142.3431747;-15.3797607421875;0
1579082142.7464848;-18.3856201171875;0
1579082142.7465086;-20.685302734375;0
1579082142.7465248;-22.085693359375;0
1579082142.7465396;-22.4566650390625;0
1579082142.7465518;-21.9903564453125;0
1579082142.7465658;-21.3720703125;0
1579082142.74658;-21.700439453125;0
1579082142.7465925;-24.1395263671875;0
1579082142.7466044;-29.3658447265625;0
1579082142.7466173;-37.172607421875;0
1579082142.7466304;-46.3857421875;0
1579082142.746731;1.6242825984954834;0
1579082142.7467463;1.630685806274414;0
1579082142.7467597;1.6422115564346313;0
1579082142.7467732;1.6550178527832031;0
1579082145.0655296;-158.399169921875;0
1579082145.0655785;-158.47308349609375;0
1579082145.065616;-156.35113525390625;0
1579082145.0656378;-153.3839111328125;0
1579082145.0656574;-150.4561767578125;0
1579082145.0656757;-147.69879150390625;0
1579082145.0679622;-144.43072509765625;0
1579082145.067986;-139.45477294921875;0
1579082145.068006;-131.5372314453125;0
1579082145.0680258;-119.9217529296875;0
1579082145.0680447;-104.620849609375;0
1579082145.0680623;-86.4249267578125;0
1579082145.0680814;-66.53692626953125;0
1579082145.0680993;-46.06622314453125;0
1579082145.0681167;-25.67095947265625;0
1579082145.0681374;-5.48095703125;0
1579082145.0681574;14.74041748046875;0
1579082145.068285;35.2677001953125;0
1579082145.068319;56.12103271484375;0
1579082145.0683537;77.07080078125;0
1579082145.068388;97.805908203125;0
1579082145.0684226;117.9669189453125;0
1579082145.0684583;137.0504150390625;0
1579082145.0684946;154.14398193359375;0
1579082145.0685177;167.75506591796875;0
1579082145.0685356;175.968017578125;0
1579082145.068569;176.86224365234375;0
1579082145.0686004;169.1422119140625;0
1579082145.1842322;152.5228271484375;0
1579082145.1921692;127.77099609375;0
1579082145.1921904;96.41375732421875;0
1579082145.1922066;60.35076904296875;0
1579082145.1922195;21.6702880859375;0
1579082145.1922314;-17.36431884765625;0
1579082145.1922426;-54.2320556640625;0
1579082145.1922529;-86.3197021484375;0
1579082145.1922655;-111.3013916015625;0
1579082145.1922772;-127.72711181640625;0
1579082145.1922884;-135.37042236328125;0
1579082145.3974085;-135.14141845703125;0
1579082145.411528;-128.561767578125;0
1579082145.411558;-117.08013916015625;0
1579082145.4115767;-101.5576171875;0
1579082145.411596;-82.20367431640625;0
1579082145.4116113;-58.8480224609375;0
1579082145.411628;-31.36505126953125;0
1579082145.4116435;-0.1695556640625;0
1579082145.4116588;33.496826171875;0
1579082145.411673;67.41326904296875;0
1579082145.411689;98.64923095703125;0
1579082146.0091662;1.6178793907165527;0
1579082154.0214207;42.5098876953125;0
1579082154.0214314;47.8338623046875;0
1579082154.021441;49.25439453125;0
1579082154.0214512;48.53875732421875;0
1579082154.02146;47.88458251953125;0
1579082154.1244357;34.22999954223633;0
1579082154.133084;34.22999954223633;0
1579082154.1331165;34.22999954223633;0
1579082154.133139;34.22999954223633;0
1579082154.133161;34.25;0
1579082154.133179;34.25;0
1579082154.133196;34.25;0
1579082154.1332119;34.25;0
1579082154.133232;48.9029541015625;0
1579082154.133253;51.651947021484375;0
1579082154.1332722;54.505157470703125;0
1579082154.1332922;54.80950927734375;0
1579082154.1333113;50.069580078125;0
1579082154.1333292;39.09466552734375;0
1579082154.133347;22.56060791015625;0
1579082154.1333647;2.94464111328125;0
1579082154.1333842;-16.019683837890625;0
1579082154.1334026;-30.183868408203125;0
1579082154.133421;-35.786773681640625;0
1579082154.2731678;-30.189208984375;0
1579082154.2815762;-12.442138671875;0
1579082154.2816072;16.4337158203125;0
1579082154.2816372;53.520599365234375;0
1579082154.2816598;94.62167358398438;0
1579082154.2816792;135.355712890625;0
1579082154.2816985;172.18519592285156;0
1579082154.2817166;203.0791473388672;0
1579082154.2817354;227.5581817626953;0
1579082154.281755;246.16110229492188;0
1579082154.2817736;259.7628479003906;0
1579082154.624832;269.12506103515625;0
1579082154.6248577;274.8856506347656;0
1579082154.6249535;277.81884765625;0
1579082154.6249788;279.06121826171875;0
1579082154.624997;279.96392822265625;0
1579082154.6250143;281.6360778808594;0
1579082154.6250312;284.3128967285156;0
1579082154.6250482;286.93487548828125;0
1579082154.6250665;287.2792053222656;0
1579082154.6250863;282.6036376953125;0
1579082154.6251042;270.60284423828125;0
1579082154.6251228;1.4808512926101685;0
1579082154.6251419;1.4731674194335938;0
1579082154.6251595;1.4770092964172363;0
1579082154.625177;1.4757287502288818;0
1579082154.625195;1.500060796737671;0
1579082157.0703638;189.53839111328125;0
1579082157.0704126;221.4881591796875;0
1579082157.070443;243.2237548828125;0
1579082157.0704668;252.69073486328125;0
1579082157.070488;250.631591796875;0
1579082157.0705075;240.4473876953125;0
1579082157.070525;227.12554931640625;0
1579082157.0705411;215.6390380859375;0
1579082157.0705543;209.6463623046875;0
1579082157.0705688;210.943115234375;0
1579082157.0705807;219.591064453125;0
1579082157.0705955;234.4766845703125;0
1579082157.070614;253.73248291015625;0
1579082157.070635;274.942138671875;0
1579082157.0706491;295.2677001953125;0
1579082157.1394048;311.9097900390625;0
1579082157.1394882;322.87298583984375;0
1579082157.1394966;327.76666259765625;0
1579082157.1395028;327.94091796875;0
1579082157.139509;325.716064453125;0
1579082157.1395154;322.95684814453125;0
1579082157.1395214;319.70172119140625;0
1579082157.139527;313.8935546875;0
1579082157.1395328;302.24853515625;0
1579082157.1395383;281.90283203125;0
1579082157.1395445;251.83404541015625;0
1579082157.139551;213.3974609375;0
1579082157.198419;169.6744384765625;0
1579082157.2787576;124.28045654296875;0
1579082157.2787933;80.25970458984375;0
1579082157.2788172;39.59710693359375;0
1579082157.2788403;3.21905517578125;0
1579082157.2788618;-28.77288818359375;0
1579082157.2788808;-57.0379638671875;0
1579082157.278899;-82.928466796875;0
1579082157.2789176;-108.16552734375;0
1579082157.2789383;-134.16912841796875;0
1579082157.2789571;-161.14105224609375;0
1579082157.384475;-187.4927978515625;0
1579082157.3935719;-210.15594482421875;0
1579082157.3935924;-225.6083984375;0
1579082157.393607;-231.15966796875;0
1579082157.3936186;-225.8525390625;0
1579082157.3936317;-210.670654296875;0
1579082157.393646;-187.9234619140625;0
1579082157.3936582;-160.3780517578125;0
1579082157.3936708;-130.43389892578125;0
1579082157.3936844;-99.71685791015625;0
1579082157.3936973;-69.04974365234375;0
1579082157.5374625;1.7164884805679321;0
1579082157.5374932;1.7024015188217163;0
1579082168.7559025;98.71218872070312;0
1579082168.7559268;90.7369384765625;0
1579082168.7559917;83.17678833007812;0
1579082168.7560391;77.16458129882812;0
1579082168.9613645;72.19781494140625;0
1579082168.9613822;66.28302001953125;0
1579082168.9613976;57.2568359375;0
1579082168.9614139;44.237396240234375;0
1579082168.9614284;28.318145751953125;0
1579082168.9614434;11.800323486328125;0
1579082168.9614565;-3.4381103515625;0
1579082168.9614687;-17.421142578125;0
1579082168.9614823;-32.34735107421875;0
1579082168.9614959;-51.295501708984375;0
1579082168.9615095;-76.33723449707031;0
1579082169.0646605;-106.86384582519531;0
1579082169.0646787;-139.37791442871094;0
1579082169.0646937;-168.50856018066406;0
1579082169.0647073;-188.72109985351562;0
1579082169.0647206;-195.69354248046875;0
1579082169.0647347;-187.09902954101562;0
1579082169.064748;-163.04075622558594;0
1579082169.0647607;-126.19683837890625;0
1579082169.0647748;-82.01373291015625;0
1579082169.0647888;-38.39573669433594;0
1579082169.064802;-4.453338623046875;0
1579082169.2811654;11.633651733398438;0
1579082169.378702;5.096771240234375;0
1579082169.3787344;-23.6632080078125;0
1579082169.378759;-68.88711547851562;0
1579082169.3787804;-121.06703186035156;0
1579082169.378799;-169.54869079589844;0
1579082169.3788176;-205.4574432373047;0
1579082169.3788366;-223.5853271484375;0
1579082169.378855;-223.14633178710938;0
1579082169.3788726;-207.34097290039062;0
1579082169.3788912;-182.05857849121094;0
1579082169.4050498;-154.33607482910156;0
1579082169.4050846;-130.7721405029297;0
1579082169.405107;-116.22981262207031;0
1579082169.4051278;-112.989013671875;0
1579082169.4051473;-120.52984619140625;0
1579082169.4051657;-135.87152099609375;0
1579082169.4051833;-154.33346557617188;0
1579082169.405203;-170.52841186523438;0
1579082169.4197786;-179.4775390625;0
1579082169.4198103;-177.837646484375;0
1579082169.4198382;-164.82510375976562;0
1579082169.4623222;1.5653733015060425;0
1579082169.4841745;1.5602507591247559;0
1579082169.4842;1.5602507591247559;0
1579082180.8185236;32.01054382324219;0
1579082180.818547;43.572731018066406;0
1579082180.818564;36.24446105957031;0
1579082181.239763;6.091583251953125;0
1579082181.2397833;-40.323486328125;0
1579082181.2397993;-88.90509033203125;0
1579082181.2398148;-126.85931396484375;0
1579082181.2398276;-148.5635986328125;0
1579082181.23984;-154.79367065429688;0
1579082181.2398517;-151.88491821289062;0
1579082181.2398632;-145.61712646484375;0
1579082181.2398744;-139.9706573486328;0
1579082181.2398849;-135.16989135742188;0
1579082181.2398956;-129.2603302001953;0
1579082181.239976;-122.28582763671875;0
1579082181.2399874;-114.92929077148438;0
1579082181.2399986;-108.35252380371094;0
1579082181.2400105;-103.62086486816406;0
1579082181.2400212;-101.60403442382812;0
1579082181.240033;-102.6317138671875;0
1579082181.2400439;-106.72274780273438;0
1579082181.2400546;-112.40351867675781;0
1579082181.2400653;-117.89755249023438;0
1579082181.2400763;-121.9151611328125;0
1579082181.2400875;-123.42019653320312;0
1579082181.280991;-121.31222534179688;0
1579082181.2948086;-114.26553344726562;0
1579082181.294837;-101.20021057128906;0
1579082181.2948556;-81.52694702148438;0
1579082181.2948723;-55.6424560546875;0
1579082181.29489;-24.167724609375;0
1579082181.2949069;11.6236572265625;0
1579082181.2949224;49.534423828125;0
1579082181.2949386;86.79263305664062;0
1579082181.294955;120.41317749023438;0
1579082181.294971;147.71524047851562;0
1579082181.4520743;166.7042236328125;0
1579082181.4520996;176.53488159179688;0
1579082181.4521189;177.55593872070312;0
1579082181.4521365;171.53253173828125;0
1579082181.452154;160.93902587890625;0
1579082181.4521713;148.06964111328125;0
1579082181.4521906;134.7777099609375;0
1579082181.4522111;122.36688232421875;0
1579082181.45223;111.75250244140625;0
1579082181.452248;103.57537841796875;0
1579082181.4522662;98.238525390625;0
1579082181.4604666;1.5487250089645386;0
1579082181.4722927;1.5551282167434692;0
1579082181.4723246;1.5551282167434692;0
1579082181.4723468;1.5602507591247559;0
1579082182.1264107;42.52783203125;0
1579082182.126437;43.32598876953125;0
1579082182.1264646;44.1480712890625;0
1579082182.2894201;44.3687744140625;0
1579082182.3205266;43.37567138671875;0
1579082182.3205621;40.61492919921875;0
1579082182.320592;35.73211669921875;0
1579082182.3206196;28.8101806640625;0
1579082182.3206418;20.39581298828125;0
1579082182.3206573;11.3890380859375;0
1579082182.3206692;2.6448974609375;0
1579082182.3206828;-5.34375;0
1579082182.320696;-12.71282958984375;0
1579082182.3207083;-20.18988037109375;0
1579082182.4799585;-28.8206787109375;0
1579082182.4885695;-39.4866943359375;0
1579082182.4885883;-52.38653564453125;0
1579082182.4886007;-66.4871826171875;0
1579082182.4886112;-79.44879150390625;0
1579082182.4886208;-87.9796142578125;0
1579082182.4886305;-88.68353271484375;0
1579082182.488639;-79.2493896484375;0
1579082182.488648;-59.36785888671875;0
1579082182.4886572;-31.04815673828125;0
1579082182.4886658;1.95721435546875;0
1579082182.6684532;35.24237060546875;0
1579082182.6791205;65.06988525390625;0
1579082182.6791525;89.10357666015625;0
1579082182.6791747;106.506591796875;0
1579082182.6791961;117.49432373046875;0
1579082182.679217;122.67828369140625;0
1579082182.6792364;122.67205810546875;0
1579082182.6792538;118.10064697265625;0
1579082182.6792727;109.8414306640625;0
1579082182.6792915;99.18145751953125;0
1579082182.6793098;87.83843994140625;0
1579082182.8130248;77.625;0
1579082182.8825958;70.00689697265625;0
1579082182.8826299;65.79150390625;0
1579082182.8826563;65.01983642578125;0
1579082182.8826768;67.13427734375;0
1579082182.8826969;71.1728515625;0
1579082182.882716;75.9736328125;0
1579082182.8827338;80.21337890625;0
1579082182.8827522;82.4808349609375;0
1579082182.8827713;81.38580322265625;0
1579082182.8827891;75.84649658203125;0
1579082182.9599879;1.5653733015060425;0
1579082182.9762218;1.5474443435668945;0
1579082182.9762523;1.54616379737854;0
1579082182.976275;1.5615314245224;0
1579082194.1523688;64.80303955078125;0
1579082194.152395;53.840301513671875;0
1579082194.337627;43.87359619140625;0
1579082194.3461492;35.71759033203125;0
1579082194.3461704;29.57769775390625;0
1579082194.3461874;25.263946533203125;0
1579082194.3462002;22.3907470703125;0
1579082194.346213;20.586669921875;0
1579082194.346226;19.537872314453125;0
1579082194.3462384;18.93023681640625;0
1579082194.3462508;18.38818359375;0
1579082194.3462625;17.53546142578125;0
1579082194.346276;16.05035400390625;0
1579082194.4853902;13.761871337890625;0
1579082194.550517;10.605621337890625;0
1579082194.5505466;6.6239013671875;0
1579082194.5505688;1.857696533203125;0
1579082194.55059;-3.6887969970703125;0
1579082194.5506086;-10.082260131835938;0
1579082194.550627;-17.510650634765625;0
1579082194.550644;-26.164382934570312;0
1579082194.5506604;-35.97123718261719;0
1579082194.5506768;-46.29638671875;0
1579082194.550694;-55.63018798828125;0
1579082194.659796;-61.677581787109375;0
1579082194.6713495;-61.90223693847656;0
1579082194.671381;-54.278564453125;0
1579082194.671403;-38.18601989746094;0
1579082194.6714227;-14.769577026367188;0
1579082194.671441;13.277481079101562;0
1579082194.6714609;42.50984191894531;0
1579082194.6714802;69.6859130859375;0
1579082194.6715004;92.50888061523438;0
1579082194.6715186;109.89608764648438;0
1579082194.6715353;121.73486328125;0
1579082194.8499901;128.53671264648438;0
1579082194.8619769;131.0560302734375;0
1579082194.8620114;130.17840576171875;0
1579082194.8620367;126.98225402832031;0
1579082194.8620586;122.70989990234375;0
1579082194.8620791;118.64442443847656;0
1579082194.8620994;115.73368835449219;0
1579082194.8621173;114.22230529785156;0
1579082194.8621356;113.4088134765625;0
1579082194.8621542;111.78108215332031;0
1579082194.8621726;107.44696044921875;0
1579082194.9671643;1.7228916883468628;0
1579082194.9671984;1.7113659381866455;0
1579082194.9672205;1.6844725608825684;0
1579082194.9672425;1.6831918954849243;0
1579082194.9672632;1.7036820650100708;0
1579082206.2261686;4.810791015625;0
1579082206.226216;-1.2418212890625;0
1579082206.6220264;-8.53753662109375;0
1579082206.6220458;-16.0687255859375;0
1579082206.6220598;-23.116455078125;0
1579082206.6220734;-29.5958251953125;0
1579082206.6220856;-36.0389404296875;0
1579082206.6220956;-43.3743896484375;0
1579082206.6221106;-52.45233154296875;0
1579082206.6221228;-63.64483642578125;0
1579082206.6221342;-76.60296630859375;0
1579082206.6221445;-90.1241455078125;0
1579082206.6221576;-102.17034912109375;0
1579082206.6222422;-110.12103271484375;0
1579082206.6222541;-111.261474609375;0
1579082206.622265;-103.56927490234375;0
1579082206.6222773;-86.43389892578125;0
1579082206.6222892;-60.9991455078125;0
1579082206.6223;-29.986572265625;0
1579082206.6223116;2.87322998046875;0
1579082206.6223228;33.70745849609375;0
1579082206.622334;59.328369140625;0
1579082206.622346;77.82022094726562;0
1579082206.6327677;88.49746704101562;0
1579082206.7007074;91.49960327148438;0
1579082206.7111874;87.46319580078125;0
1579082206.7112064;77.44366455078125;0
1579082206.7112207;62.953216552734375;0
1579082206.7112322;45.95367431640625;0
1579082206.711243;28.65936279296875;0
1579082206.7112527;13.24041748046875;0
1579082206.7112644;1.607269287109375;0
1579082206.7112758;-5.331573486328125;0
1579082206.7112856;-8.2911376953125;0
1579082206.711295;-9.48260498046875;0
1579082207.0367563;-11.402679443359375;0
1579082207.0440795;-15.727813720703125;0
1579082207.0441232;-22.78118896484375;0
1579082207.044155;-31.716705322265625;0
1579082207.0441833;-41.070037841796875;0
1579082207.0442119;-49.083404541015625;0
1579082207.0442393;-54.803558349609375;0
1579082207.044267;-59.280242919921875;0
1579082207.0442944;-65.2510986328125;0
1579082207.0443208;-75.50515747070312;0
1579082207.0443473;-91.41836547851562;0
1579082207.0445359;1.647334098815918;0
1579082207.044565;1.647334098815918;0
1579082207.0445924;1.6998401880264282;0
1579082207.0446198;1.690875768661499;0
1579082207.044647;1.6831918954849243;0
1579082209.1168392;23.805870056152344;0
1579082209.116853;30.42090606689453;0
1579082209.1168642;45.08499526977539;0
1579082209.1169584;63.73689651489258;0
1579082209.1169884;80.8800048828125;0
1579082209.289553;92.00827026367188;0
1579082209.2979085;95.26581573486328;0
1579082209.2979295;91.56791687011719;0
1579082209.2979438;83.36068725585938;0
1579082209.2979577;72.79182434082031;0
1579082209.2979696;60.750736236572266;0
1579082209.297981;44.1845703125;0
1579082209.2979932;21.081342697143555;0
1579082209.2980056;-9.812492370605469;0
1579082209.2980168;-47.6746826171875;0
1579082209.2980278;-89.15131378173828;0
1579082209.4397106;-128.93161010742188;0
1579082209.505289;-161.13595581054688;0
1579082209.5053058;-180.82261657714844;0
1579082209.505318;-184.7008819580078;0
1579082209.5053282;-171.68296813964844;0
1579082209.5053384;-142.69448852539062;0
1579082209.5053484;-101.043212890625;0
1579082209.505358;-51.872215270996094;0
1579082209.505368;-1.3575668334960938;0
1579082209.5053773;44.38323211669922;0
1579082209.5053878;80.69313049316406;0
1579082209.622856;105.4189453125;0
1579082209.6296065;119.15309143066406;0
1579082209.629637;124.18907165527344;0
1579082209.6296608;122.8788833618164;0
1579082209.6296816;116.20018005371094;0
1579082209.6296995;103.83545684814453;0
1579082209.6297157;85.25648498535156;0
1579082209.6297317;61.08574676513672;0
1579082209.6297479;33.8684196472168;0
1579082209.6297648;7.633735656738281;0
1579082209.62978;-13.7086181640625;0
1579082209.7728724;-28.116554260253906;0
1579082209.781497;-36.61616516113281;0
1579082209.7815163;-41.75640869140625;0
1579082209.7815304;-45.481407165527344;0
1579082209.7815435;-47.722877502441406;0
1579082209.7815547;-46.59027862548828;0
1579082209.7815647;-39.41271209716797;0
1579082209.7815742;-24.295623779296875;0
1579082209.7815852;-1.3336563110351562;0
1579082209.7815957;27.043701171875;0
1579082209.781606;55.465057373046875;0
1579082209.9697397;1.6652629375457764;0
1579082209.9697793;1.6678242683410645;0
1579082218.2178955;53.869842529296875;0
1579082218.5018113;45.064483642578125;0
1579082218.5018268;32.943756103515625;0
1579082218.5018396;16.915283203125;0
1579082218.5018535;-2.397918701171875;0
1579082218.5018666;-22.813934326171875;0
1579082218.5018792;-40.791748046875;0
1579082218.501892;-52.244842529296875;0
1579082218.5019047;-53.9228515625;0
1579082218.5019178;-44.515777587890625;0
1579082218.5019298;-25.23779296875;0
1579082218.5019417;0.540130615234375;0
1579082218.5740519;28.386474609375;0
1579082218.574076;54.049346923828125;0
1579082218.574095;74.36273193359375;0
1579082218.5741122;87.52587890625;0
1579082218.5741286;92.90728759765625;0
1579082218.5741463;90.67257690429688;0
1579082218.574162;81.51190185546875;0
1579082218.574177;66.5467529296875;0
1579082218.574192;47.349365234375;0
1579082218.5742085;25.877899169921875;0
1579082218.5742252;4.3206787109375;0
1579082219.5354297;-15.3021240234375;0
1579082219.5354626;-31.52447509765625;0
1579082219.5354848;-43.74592590332031;0
1579082219.5355034;-52.30006408691406;0
1579082219.5355213;-58.16337585449219;0
1579082219.535538;-62.48191833496094;0
1579082219.5355537;-65.98846435546875;0
1579082219.5355718;-68.63430786132812;0
1579082219.5355892;-69.64187622070312;0
1579082219.535605;-68.0855712890625;0
1579082219.5356212;-63.710235595703125;0
1579082219.5357413;-57.5289306640625;0
1579082219.5357575;-51.778564453125;0
1579082219.535775;-49.18083190917969;0
1579082219.5357916;-51.87678527832031;0
1579082219.535807;-60.51826477050781;0
1579082219.5358224;-73.9918212890625;0
1579082219.5358384;-89.81185913085938;0
1579082219.5476632;-104.98905181884766;0
1579082219.5476918;-116.88114929199219;0
1579082219.5477128;-123.78736114501953;0
1579082219.5477312;-125.05571746826172;0
1579082219.547852;1.5666539669036865;0
1579082219.5478683;1.5909860134124756;0
1579082219.5478845;1.584582805633545;0
1579082219.5478997;1.5768990516662598;0
1579082219.5479152;1.6153181791305542;0
1579082219.5479321;1.5935473442077637;0
1579082221.1954143;-275.2012939453125;0
1579082221.1954596;-267.0487060546875;0
1579082221.1954973;-241.2054443359375;0
1579082221.1955192;-201.330322265625;0
1579082221.2902834;-154.0048828125;0
1579082221.3097973;-106.5264892578125;0
1579082221.3098302;-64.5859375;0
1579082221.3098524;-30.913818359375;0
1579082221.3098736;-5.356201171875;0
1579082221.3098958;13.883056640625;0
1579082221.3099148;28.7237548828125;0
1579082221.3099318;40.2369384765625;0
1579082221.3099492;48.576904296875;0
1579082221.309967;53.54833984375;0
1579082221.3099842;55.283935546875;0
1579082221.475367;54.5765380859375;0
1579082221.4905005;52.5888671875;0
1579082221.490527;50.4212646484375;0
1579082221.4905436;48.6597900390625;0
1579082221.490562;47.19580078125;0
1579082221.490579;45.6253662109375;0
1579082221.4905932;43.6715087890625;0
1579082221.4906068;41.5435791015625;0
1579082221.4906206;39.949951171875;0
1579082221.4906344;39.8009033203125;0
1579082221.4906485;41.70703125;0
1579082221.6629777;45.5750732421875;0
1579082221.6719034;50.5289306640625;0
1579082221.671934;55.1805419921875;0
1579082221.671957;58.11962890625;0
1579082221.671976;58.49267578125;0
1579082221.6719942;56.309326171875;0
1579082221.6720142;52.34375;0
1579082221.672033;46.50048828125;0
1579082221.672051;39.2965087890625;0
1579082221.6720679;32.0645751953125;0
1579082221.6720872;26.055908203125;0
1579082222.2069027;21.5330810546875;0
1579082222.206933;17.9949951171875;0
1579082222.2069538;14.8409423828125;0
1579082222.206976;11.819580078125;0
1579082222.2069983;9.039306640625;0
1579082222.2070167;5.5316162109375;0
1579082222.2070346;0.9776611328125;0
1579082222.2070522;-3.88427734375;0
1579082222.207071;-8.0240478515625;0
1579082222.207089;-11.113525390625;0
1579082222.2071073;-13.436767578125;0
1579082222.207243;1.6844725608825684;0
1579082222.207263;1.5500056743621826;0
1579082222.207281;1.7677139043807983;0
1579082233.2647648;246.5;0
1579082233.264788;272.768798828125;0
1579082233.2648053;291.639892578125;0
1579082233.3585808;303.4134216308594;0
1579082233.3754606;304.0561828613281;0
1579082233.375488;291.7244567871094;0
1579082233.3755057;270.22869873046875;0
1579082233.3755212;247.5382843017578;0
1579082233.3755357;233.25765991210938;0
1579082233.3755522;234.41424560546875;0
1579082233.375568;252.9427947998047;0
1579082233.375583;286.96435546875;0
1579082233.3755977;326.3966064453125;0
1579082233.3756123;362.3523864746094;0
1579082233.6707342;390.48492431640625;0
1579082233.6707673;410.8199157714844;0
1579082233.6707897;424.3477478027344;0
1579082233.6708105;431.56298828125;0
1579082233.67083;431.28741455078125;0
1579082233.6708496;422.6507873535156;0
1579082233.6708682;407.7510681152344;0
1579082233.670886;388.29486083984375;0
1579082233.6709056;368.8865661621094;0
1579082233.6709242;355.17120361328125;0
1579082233.6709409;350.8423156738281;0
1579082233.6710668;344.3734130859375;0
1579082233.671086;323.25946044921875;0
1579082233.671105;278.86053466796875;0
1579082233.671123;212.17724609375;0
1579082233.6711407;132.90467834472656;0
1579082233.6711593;50.393463134765625;0
1579082233.6711786;-29.33856201171875;0
1579082233.6711967;-103.92599487304688;0
1579082233.6799936;-172.38331604003906;0
1579082233.6800256;-232.32199096679688;0
1579082233.6800485;-280.80889892578125;0
1579082233.8659837;-313.48992919921875;0
1579082233.877527;-327.40301513671875;0
1579082233.8775592;-323.10809326171875;0
1579082233.8775842;-305.3984375;0
1579082233.877605;-280.3896484375;0
1579082233.8776252;-252.89552307128906;0
1579082233.8776448;-224.6817626953125;0
1579082233.8776639;-193.5882568359375;0
1579082233.8776824;-155.51446533203125;0
1579082233.8776999;-106.61514282226562;0
1579082233.877719;-45.365264892578125;0
1579082233.9822543;2.1239302158355713;0
1579082233.9822783;2.1008787155151367;0
1579082233.9822984;2.0714242458343506;0
1579082233.9823167;2.01251482963562;0
1579082245.3523803;-16.556060791015625;0
1579082245.3524032;-17.203277587890625;0
1579082245.3894794;-18.250442504882812;0
1579082245.3895035;-19.272003173828125;0
1579082245.389524;-19.887847900390625;0
1579082245.389544;-19.947463989257812;0
1579082245.389562;-19.590347290039062;0
1579082245.389579;-19.214004516601562;0
1579082245.3895965;-19.062850952148438;0
1579082245.389614;-18.971603393554688;0
1579082245.3896313;-18.3416748046875;0
1579082245.38965;-16.43584442138672;0
1579082245.389669;-12.74932861328125;0
1579082245.788411;-7.112762451171875;0
1579082245.788439;0.19757080078125;0
1579082245.78846;8.472488403320312;0
1579082245.7884781;16.385955810546875;0
1579082245.788497;22.567771911621094;0
1579082245.7885122;25.81194305419922;0
1579082245.7885277;25.325416564941406;0
1579082245.7885425;20.76653289794922;0
1579082245.7885578;12.343009948730469;0
1579082245.7885756;1.1728134155273438;0
1579082245.7885928;-11.080894470214844;0
1579082245.7887127;-22.731712341308594;0
1579082245.7887297;-33.24431610107422;0
1579082245.7887459;-42.58740997314453;0
1579082245.7887623;-51.12178039550781;0
1579082245.7887778;-59.13951873779297;0
1579082245.7887933;-66.97686004638672;0
1579082245.788809;-74.75288391113281;0
1579082245.7888246;-81.81121063232422;0
1579082245.8113449;-86.97550964355469;0
1579082245.8113675;-88.93163299560547;0
1579082245.8113847;-87.62995910644531;0
1579082245.8855896;-83.0230484008789;0
1579082245.9606633;-74.97583770751953;0
1579082245.9606965;-62.95283508300781;0
1579082245.9607213;-46.80846405029297;0
1579082245.9607427;-26.89969253540039;0
1579082245.9607635;-3.5976028442382812;0
1579082245.9607825;22.658912658691406;0
1579082245.9607995;51.4383544921875;0
1579082245.9608195;81.29375457763672;0
1579082245.9608376;111.83202362060547;0
1579082245.9608555;143.8058319091797;0
1579082245.976317;1.9651312828063965;0
1579082245.9763427;1.9062219858169556;0
1579082245.9763627;1.970253825187683;0
1579082245.9763806;1.9151864051818848;0
1579082245.9763997;1.9343960285186768;0
1579082257.283787;13.50140380859375;0
1579082257.4413958;4.284423828125;0
1579082257.4414241;-4.53912353515625;0
1579082257.4414465;-12.07293701171875;0
1579082257.441463;-17.6905517578125;0
1579082257.4414806;-21.2706298828125;0
1579082257.4414973;-23.17669677734375;0
1579082257.441512;-24.17364501953125;0
1579082257.441528;-25.1787109375;0
1579082257.441543;-26.9798583984375;0
1579082257.4415574;-29.93017578125;0
1579082257.4415731;-33.68341064453125;0
1579082257.6536734;-37.1595458984375;0
1579082257.6536953;-38.7012939453125;0
1579082257.6537123;-36.5662841796875;0
1579082257.6537287;-29.5601806640625;0
1579082257.6537526;-17.56378173828125;0
1579082257.6537733;-1.66217041015625;0
1579082257.6537907;16.1441650390625;0
1579082257.6538088;33.52276611328125;0
1579082257.6538274;48.49810791015625;0
1579082257.6538455;59.73175048828125;0
1579082257.6538637;66.69036865234375;0
1579082257.8424392;69.38336181640625;0
1579082257.8424728;68.1873779296875;0
1579082257.8425004;63.6397705078125;0
1579082257.842531;56.47149658203125;0
1579082257.8425593;47.56768798828125;0
1579082257.842584;37.945556640625;0
1579082257.8426116;28.62646484375;0
1579082257.84264;20.44866943359375;0
1579082257.8426669;13.95989990234375;0
1579082257.8426952;9.3140869140625;0
1579082257.8427424;6.27490234375;0
1579082258.0424223;4.2794189453125;0
1579082258.0708895;2.62799072265625;0
1579082258.0709207;0.68194580078125;0
1579082258.0709443;-1.890869140625;0
1579082258.0709648;-5.03607177734375;0
1579082258.070982;-8.37188720703125;0
1579082258.071004;-11.43731689453125;0
1579082258.0710213;-13.95263671875;0
1579082258.0710382;-16.0020751953125;0
1579082258.0710573;-17.93023681640625;0
1579082258.0710742;-20.1666259765625;0
1579082258.0712044;2.1585073471069336;0
1579082258.0712235;2.152104377746582;0
1579082258.071243;2.1610686779022217;0
1579082258.0712612;2.171313762664795;0
1579082258.0712793;2.1892428398132324;0
1579082258.071297;2.209733009338379;0
1579082258.6678467;13.761962890625;0
1579082258.7890224;13.59588623046875;0
1579082258.8628786;14.293212890625;0
1579082258.862932;17.1875;0
1579082258.8629613;23.7125244140625;0
1579082258.8629875;34.69775390625;0
1579082258.8630142;49.803955078125;0
1579082258.8630376;67.3553466796875;0
1579082258.8630607;84.781982421875;0
1579082258.8630862;99.45263671875;0
1579082258.8631191;109.43121337890625;0
1579082258.863147;113.85906982421875;0
1579082258.9360526;112.77874755859375;0
1579082258.952655;106.7701416015625;0
1579082258.9526825;96.5499267578125;0
1579082258.952703;82.93280029296875;0
1579082258.9527214;66.8271484375;0
1579082258.9527385;49.4063720703125;0
1579082258.9527566;31.98516845703125;0
1579082258.9527738;15.826416015625;0
1579082258.9527895;1.95965576171875;0
1579082258.9528067;-8.91650390625;0
1579082258.9528387;-16.353759765625;0
1579082259.1252532;-20.08514404296875;0
1579082259.1252878;-20.0867919921875;0
1579082259.1253133;-16.81085205078125;0
1579082259.1253357;-11.32086181640625;0
1579082259.1357777;-5.2926025390625;0
1579082259.13581;-0.7093505859375;0
1579082259.1358325;0.6494140625;0
1579082259.1358545;-2.3338623046875;0
1579082259.1358745;-9.8597412109375;0
1579082259.1358988;-21.22491455078125;0
1579082259.1359177;-35.0733642578125;0
1579082259.2894027;-49.727783203125;0
1579082259.2894254;-63.513671875;0
1579082259.2894447;-75.077392578125;0
1579082259.289462;-83.48876953125;0
1579082259.2894785;-88.3470458984375;0
1579082259.289497;-89.7471923828125;0
1579082259.2895195;-88.08221435546875;0
1579082259.2895365;-83.7645263671875;0
1579082259.2895544;-76.89874267578125;0
1579082259.2895737;-67.15936279296875;0
1579082259.2895923;-53.9874267578125;0
1579082259.5020802;2.2225394248962402;0
1579082259.5021036;2.228942394256592;0
1579082259.5021262;2.2353456020355225;0
1579082259.502146;2.226381301879883;0
1579082259.5021648;2.219978094100952;0
1579082259.5021837;2.1994879245758057;0
1579082307.2033496;4.292362213134766;0
1579082307.2034419;2.7786178588867188;0
1579082307.203455;1.1872138977050781;0
1579082307.2034683;0.41246795654296875;0
1579082307.2034817;0.8447113037109375;0
1579082307.203494;2.4986419677734375;0
1579082307.252757;5.270103454589844;0
1579082307.2527742;8.643882751464844;0
1579082307.2527864;12.13665771484375;0
1579082307.2527962;14.8038330078125;0
1579082307.2528064;15.619102478027344;0
1579082307.2528148;13.798179626464844;0
1579082307.252919;9.340816497802734;0
1579082307.2529297;3.139751434326172;0
1579082307.2529397;-3.2449798583984375;0
1579082307.2529488;-8.064338684082031;0
1579082307.2529573;-10.467212677001953;0
1579082307.252967;-10.53530502319336;0
1579082307.2529764;-9.24782943725586;0
1579082307.2529845;-7.996223449707031;0
1579082307.252993;-8.018852233886719;0
1579082307.2530015;-9.637359619140625;0
1579082307.2530107;-12.239448547363281;0
1579082307.2828636;-14.2230224609375;0
1579082307.282883;-13.71600341796875;0
1579082307.2828975;-9.706523895263672;0
1579082307.2829115;-2.6900100708007812;0
1579082307.2829242;5.218143463134766;0
1579082307.2829368;11.114429473876953;0
1579082307.2829497;13.184288024902344;0
1579082307.2829616;11.36263656616211;0
1579082307.282974;7.5839385986328125;0
1579082307.2829864;4.4233245849609375;0
1579082307.2829986;3.3147926330566406;0
1579082307.4243777;3.9306106567382812;0
1579082307.450565;4.438182830810547;0
1579082307.4505835;2.9593772888183594;0
1579082307.4505982;-0.9849739074707031;0
1579082307.4506109;-5.997978210449219;0
1579082307.4506216;-10.136207580566406;0
1579082307.450632;-11.862865447998047;0
1579082307.4506419;-11.233154296875;0
1579082307.450652;-9.770866394042969;0
1579082307.450661;-9.103408813476562;0
1579082307.4506702;-9.352787017822266;0
1579082307.4507406;0;0
1579082307.4507496;0;0
1579082307.4507594;0;0
1579082307.4507682;0;0
1579082307.450777;0;0
1579082307.450786;0;0
1579082308.1051886;3.452709197998047;0
1579082308.25948;4.151182174682617;0
1579082308.302299;3.85699462890625;0
1579082308.3023314;3.0423412322998047;0
1579082308.3023531;2.522319793701172;0
1579082308.3023732;2.7097320556640625;0
1579082308.302391;3.6443710327148438;0
1579082308.302411;4.975555419921875;0
1579082308.3024294;6.14539909362793;0
1579082308.302447;6.713726043701172;0
1579082308.3024633;6.540372848510742;0
1579082308.3024786;5.573541641235352;0
1579082308.4961364;4.114849090576172;0
1579082308.4961524;2.586233139038086;0
1579082308.496163;1.2266769409179688;0
1579082308.4961739;0.35288429260253906;0
1579082308.4961836;0.11774826049804688;0
1579082308.4961944;0.7514457702636719;0
1579082308.4962037;2.5704593658447266;0
1579082308.4962132;5.660255432128906;0
1579082308.4962223;9.470296859741211;0
1579082308.496231;12.920791625976562;0
1579082308.4962404;14.75898551940918;0
1579082308.6790774;14.104438781738281;0
1579082308.6790996;11.380365371704102;0
1579082308.6791153;7.775371551513672;0
1579082308.679129;4.53449821472168;0
1579082308.6791427;2.511810302734375;0
1579082308.6791544;1.3230705261230469;0
1579082308.679168;-0.19022369384765625;0
1579082308.6791809;-3.130382537841797;0
1579082308.6791942;-7.730012893676758;0
1579082308.679207;-13.270709991455078;0
1579082308.6792195;-18.316272735595703;0
1579082308.853724;-21.562461853027344;0
1579082308.8537593;-22.50935173034668;0
1579082308.8537836;-21.454044342041016;0
1579082308.8538027;-19.436283111572266;0
1579082308.853822;-17.254243850708008;0
1579082308.853841;-15.25240707397461;0
1579082308.8538601;-13.256437301635742;0
1579082308.8538783;-10.65768051147461;0
1579082308.8538995;-7.139308929443359;0
1579082308.8539197;-3.1241912841796875;0
1579082308.8539412;0.3842811584472656;0
1579082308.973995;0;0
1579082308.9740064;0;0
1579082308.9740167;0;0
1579082308.9740255;0;0
1579082308.9740338;0;0
1579082308.9740438;0;0
